-- MariaDB dump 10.19  Distrib 10.11.2-MariaDB, for osx10.18 (arm64)
--
-- Host: localhost    Database: theheaven
-- ------------------------------------------------------
-- Server version	10.11.2-MariaDB

/*!40101 SET @OLD_CHARACTER_SET_CLIENT=@@CHARACTER_SET_CLIENT */;
/*!40101 SET @OLD_CHARACTER_SET_RESULTS=@@CHARACTER_SET_RESULTS */;
/*!40101 SET @OLD_COLLATION_CONNECTION=@@COLLATION_CONNECTION */;
/*!40101 SET NAMES utf8mb4 */;
/*!40103 SET @OLD_TIME_ZONE=@@TIME_ZONE */;
/*!40103 SET TIME_ZONE='+00:00' */;
/*!40014 SET @OLD_UNIQUE_CHECKS=@@UNIQUE_CHECKS, UNIQUE_CHECKS=0 */;
/*!40014 SET @OLD_FOREIGN_KEY_CHECKS=@@FOREIGN_KEY_CHECKS, FOREIGN_KEY_CHECKS=0 */;
/*!40101 SET @OLD_SQL_MODE=@@SQL_MODE, SQL_MODE='NO_AUTO_VALUE_ON_ZERO' */;
/*!40111 SET @OLD_SQL_NOTES=@@SQL_NOTES, SQL_NOTES=0 */;

--
-- Table structure for table `album`
--

DROP TABLE IF EXISTS `album`;
/*!40101 SET @saved_cs_client     = @@character_set_client */;
/*!40101 SET character_set_client = utf8 */;
CREATE TABLE `album` (
  `id` int(11) NOT NULL AUTO_INCREMENT,
  `project_id` int(11) DEFAULT NULL,
  `format_id` int(11) DEFAULT NULL,
  `additional_product_id` int(11) DEFAULT NULL,
  `name` varchar(255) NOT NULL,
  `slug` varchar(255) NOT NULL,
  PRIMARY KEY (`id`),
  KEY `IDX_39986E43166D1F9C` (`project_id`),
  KEY `IDX_39986E43D629F605` (`format_id`),
  KEY `IDX_39986E43503141B5` (`additional_product_id`),
  CONSTRAINT `FK_39986E43166D1F9C` FOREIGN KEY (`project_id`) REFERENCES `cproject` (`id`),
  CONSTRAINT `FK_39986E43503141B5` FOREIGN KEY (`additional_product_id`) REFERENCES `cadditionnal_products` (`id`),
  CONSTRAINT `FK_39986E43D629F605` FOREIGN KEY (`format_id`) REFERENCES `cformat_bien` (`id`)
) ENGINE=InnoDB AUTO_INCREMENT=14 DEFAULT CHARSET=utf8mb4 COLLATE=utf8mb4_unicode_ci;
/*!40101 SET character_set_client = @saved_cs_client */;

--
-- Dumping data for table `album`
--

LOCK TABLES `album` WRITE;
/*!40000 ALTER TABLE `album` DISABLE KEYS */;
INSERT INTO `album` VALUES
(1,NULL,2,NULL,'F3 T2','F3-T2'),
(2,NULL,3,NULL,'F3 T3','F3-T3'),
(3,NULL,4,NULL,'F4 T1','F4-T1'),
(4,NULL,5,NULL,'F4 T2','F4-T2'),
(5,NULL,6,NULL,'F4 T3','F4-T3'),
(6,NULL,7,NULL,'F5','F5'),
(7,NULL,8,NULL,'Villa T1','Villa-T1'),
(8,NULL,9,NULL,'Villa T2','Villa-T2'),
(9,NULL,10,NULL,'Villa T3','Villa-T3'),
(10,NULL,11,NULL,'Villa T4','Villa-T4'),
(11,NULL,12,NULL,'Villa Spéciale','Villa-Speciale'),
(12,NULL,1,NULL,'F3 T1','F3-T1'),
(13,1,NULL,NULL,'Heaven','Heaven');
/*!40000 ALTER TABLE `album` ENABLE KEYS */;
UNLOCK TABLES;

--
-- Table structure for table `album_image`
--

DROP TABLE IF EXISTS `album_image`;
/*!40101 SET @saved_cs_client     = @@character_set_client */;
/*!40101 SET character_set_client = utf8 */;
CREATE TABLE `album_image` (
  `id` int(11) NOT NULL AUTO_INCREMENT,
  `album_id` int(11) DEFAULT NULL,
  `alt` varchar(255) DEFAULT NULL,
  `image` varchar(255) NOT NULL,
  PRIMARY KEY (`id`),
  KEY `IDX_B3854E791137ABCF` (`album_id`),
  CONSTRAINT `FK_B3854E791137ABCF` FOREIGN KEY (`album_id`) REFERENCES `album` (`id`)
) ENGINE=InnoDB DEFAULT CHARSET=utf8mb4 COLLATE=utf8mb4_unicode_ci;
/*!40101 SET character_set_client = @saved_cs_client */;

--
-- Dumping data for table `album_image`
--

LOCK TABLES `album_image` WRITE;
/*!40000 ALTER TABLE `album_image` DISABLE KEYS */;
/*!40000 ALTER TABLE `album_image` ENABLE KEYS */;
UNLOCK TABLES;

--
-- Table structure for table `blog_category`
--

DROP TABLE IF EXISTS `blog_category`;
/*!40101 SET @saved_cs_client     = @@character_set_client */;
/*!40101 SET character_set_client = utf8 */;
CREATE TABLE `blog_category` (
  `id` int(11) NOT NULL AUTO_INCREMENT,
  `name` varchar(255) NOT NULL,
  `description` longtext DEFAULT NULL,
  `slug` varchar(255) NOT NULL,
  `thumbnail` varchar(255) DEFAULT NULL,
  `image` varchar(255) DEFAULT NULL,
  `is_active` tinyint(1) NOT NULL,
  `created_at` datetime NOT NULL,
  PRIMARY KEY (`id`)
) ENGINE=InnoDB DEFAULT CHARSET=utf8mb4 COLLATE=utf8mb4_unicode_ci;
/*!40101 SET character_set_client = @saved_cs_client */;

--
-- Dumping data for table `blog_category`
--

LOCK TABLES `blog_category` WRITE;
/*!40000 ALTER TABLE `blog_category` DISABLE KEYS */;
/*!40000 ALTER TABLE `blog_category` ENABLE KEYS */;
UNLOCK TABLES;

--
-- Table structure for table `blog_category_blog_category`
--

DROP TABLE IF EXISTS `blog_category_blog_category`;
/*!40101 SET @saved_cs_client     = @@character_set_client */;
/*!40101 SET character_set_client = utf8 */;
CREATE TABLE `blog_category_blog_category` (
  `blog_category_source` int(11) NOT NULL,
  `blog_category_target` int(11) NOT NULL,
  PRIMARY KEY (`blog_category_source`,`blog_category_target`),
  KEY `IDX_5B8B9145E29BC98B` (`blog_category_source`),
  KEY `IDX_5B8B9145FB7E9904` (`blog_category_target`),
  CONSTRAINT `FK_5B8B9145E29BC98B` FOREIGN KEY (`blog_category_source`) REFERENCES `blog_category` (`id`) ON DELETE CASCADE,
  CONSTRAINT `FK_5B8B9145FB7E9904` FOREIGN KEY (`blog_category_target`) REFERENCES `blog_category` (`id`) ON DELETE CASCADE
) ENGINE=InnoDB DEFAULT CHARSET=utf8mb4 COLLATE=utf8mb4_unicode_ci;
/*!40101 SET character_set_client = @saved_cs_client */;

--
-- Dumping data for table `blog_category_blog_category`
--

LOCK TABLES `blog_category_blog_category` WRITE;
/*!40000 ALTER TABLE `blog_category_blog_category` DISABLE KEYS */;
/*!40000 ALTER TABLE `blog_category_blog_category` ENABLE KEYS */;
UNLOCK TABLES;

--
-- Table structure for table `blog_post`
--

DROP TABLE IF EXISTS `blog_post`;
/*!40101 SET @saved_cs_client     = @@character_set_client */;
/*!40101 SET character_set_client = utf8 */;
CREATE TABLE `blog_post` (
  `id` int(11) NOT NULL AUTO_INCREMENT,
  `author_id` int(11) DEFAULT NULL,
  `public_title` varchar(255) NOT NULL,
  `seo_title` varchar(255) NOT NULL,
  `body` longtext NOT NULL,
  `thumbnail` varchar(255) DEFAULT NULL,
  `image` varchar(255) DEFAULT NULL,
  `seo_description` varchar(350) DEFAULT NULL,
  `created_at` datetime NOT NULL,
  `img_og` varchar(255) DEFAULT NULL,
  `last_modified` datetime NOT NULL,
  `is_active` tinyint(1) NOT NULL,
  `slug` varchar(255) NOT NULL,
  PRIMARY KEY (`id`),
  KEY `IDX_BA5AE01DF675F31B` (`author_id`),
  CONSTRAINT `FK_BA5AE01DF675F31B` FOREIGN KEY (`author_id`) REFERENCES `employee` (`id`)
) ENGINE=InnoDB DEFAULT CHARSET=utf8mb4 COLLATE=utf8mb4_unicode_ci;
/*!40101 SET character_set_client = @saved_cs_client */;

--
-- Dumping data for table `blog_post`
--

LOCK TABLES `blog_post` WRITE;
/*!40000 ALTER TABLE `blog_post` DISABLE KEYS */;
/*!40000 ALTER TABLE `blog_post` ENABLE KEYS */;
UNLOCK TABLES;

--
-- Table structure for table `blog_post_blog_category`
--

DROP TABLE IF EXISTS `blog_post_blog_category`;
/*!40101 SET @saved_cs_client     = @@character_set_client */;
/*!40101 SET character_set_client = utf8 */;
CREATE TABLE `blog_post_blog_category` (
  `blog_post_id` int(11) NOT NULL,
  `blog_category_id` int(11) NOT NULL,
  PRIMARY KEY (`blog_post_id`,`blog_category_id`),
  KEY `IDX_C9F85ADCA77FBEAF` (`blog_post_id`),
  KEY `IDX_C9F85ADCCB76011C` (`blog_category_id`),
  CONSTRAINT `FK_C9F85ADCA77FBEAF` FOREIGN KEY (`blog_post_id`) REFERENCES `blog_post` (`id`) ON DELETE CASCADE,
  CONSTRAINT `FK_C9F85ADCCB76011C` FOREIGN KEY (`blog_category_id`) REFERENCES `blog_category` (`id`) ON DELETE CASCADE
) ENGINE=InnoDB DEFAULT CHARSET=utf8mb4 COLLATE=utf8mb4_unicode_ci;
/*!40101 SET character_set_client = @saved_cs_client */;

--
-- Dumping data for table `blog_post_blog_category`
--

LOCK TABLES `blog_post_blog_category` WRITE;
/*!40000 ALTER TABLE `blog_post_blog_category` DISABLE KEYS */;
/*!40000 ALTER TABLE `blog_post_blog_category` ENABLE KEYS */;
UNLOCK TABLES;

--
-- Table structure for table `blog_post_blog_post`
--

DROP TABLE IF EXISTS `blog_post_blog_post`;
/*!40101 SET @saved_cs_client     = @@character_set_client */;
/*!40101 SET character_set_client = utf8 */;
CREATE TABLE `blog_post_blog_post` (
  `blog_post_source` int(11) NOT NULL,
  `blog_post_target` int(11) NOT NULL,
  PRIMARY KEY (`blog_post_source`,`blog_post_target`),
  KEY `IDX_5F433553B69807E8` (`blog_post_source`),
  KEY `IDX_5F433553AF7D5767` (`blog_post_target`),
  CONSTRAINT `FK_5F433553AF7D5767` FOREIGN KEY (`blog_post_target`) REFERENCES `blog_post` (`id`) ON DELETE CASCADE,
  CONSTRAINT `FK_5F433553B69807E8` FOREIGN KEY (`blog_post_source`) REFERENCES `blog_post` (`id`) ON DELETE CASCADE
) ENGINE=InnoDB DEFAULT CHARSET=utf8mb4 COLLATE=utf8mb4_unicode_ci;
/*!40101 SET character_set_client = @saved_cs_client */;

--
-- Dumping data for table `blog_post_blog_post`
--

LOCK TABLES `blog_post_blog_post` WRITE;
/*!40000 ALTER TABLE `blog_post_blog_post` DISABLE KEYS */;
/*!40000 ALTER TABLE `blog_post_blog_post` ENABLE KEYS */;
UNLOCK TABLES;

--
-- Table structure for table `cadditionnal_products`
--

DROP TABLE IF EXISTS `cadditionnal_products`;
/*!40101 SET @saved_cs_client     = @@character_set_client */;
/*!40101 SET character_set_client = utf8 */;
CREATE TABLE `cadditionnal_products` (
  `id` int(11) NOT NULL AUTO_INCREMENT,
  `name` varchar(255) NOT NULL,
  `category_id` int(11) DEFAULT NULL,
  `public_title` varchar(255) NOT NULL,
  `short_description` varchar(255) NOT NULL,
  `text` longtext NOT NULL,
  `thumb` varchar(255) NOT NULL,
  `image` varchar(255) NOT NULL,
  `price` int(11) NOT NULL,
  `is_active` tinyint(1) NOT NULL,
  `slug` varchar(255) NOT NULL,
  PRIMARY KEY (`id`),
  KEY `IDX_9E52E6E612469DE2` (`category_id`),
  CONSTRAINT `FK_9E52E6E612469DE2` FOREIGN KEY (`category_id`) REFERENCES `cadditionnal_products_category` (`id`)
) ENGINE=InnoDB DEFAULT CHARSET=utf8mb4 COLLATE=utf8mb4_unicode_ci;
/*!40101 SET character_set_client = @saved_cs_client */;

--
-- Dumping data for table `cadditionnal_products`
--

LOCK TABLES `cadditionnal_products` WRITE;
/*!40000 ALTER TABLE `cadditionnal_products` DISABLE KEYS */;
/*!40000 ALTER TABLE `cadditionnal_products` ENABLE KEYS */;
UNLOCK TABLES;

--
-- Table structure for table `cadditionnal_products_category`
--

DROP TABLE IF EXISTS `cadditionnal_products_category`;
/*!40101 SET @saved_cs_client     = @@character_set_client */;
/*!40101 SET character_set_client = utf8 */;
CREATE TABLE `cadditionnal_products_category` (
  `id` int(11) NOT NULL AUTO_INCREMENT,
  `name` varchar(255) NOT NULL,
  `slug` varchar(255) NOT NULL,
  `public_title` varchar(255) NOT NULL,
  `thumb` varchar(255) NOT NULL,
  `image` varchar(255) NOT NULL,
  `is_active` tinyint(1) NOT NULL,
  PRIMARY KEY (`id`)
) ENGINE=InnoDB DEFAULT CHARSET=utf8mb4 COLLATE=utf8mb4_unicode_ci;
/*!40101 SET character_set_client = @saved_cs_client */;

--
-- Dumping data for table `cadditionnal_products_category`
--

LOCK TABLES `cadditionnal_products_category` WRITE;
/*!40000 ALTER TABLE `cadditionnal_products_category` DISABLE KEYS */;
/*!40000 ALTER TABLE `cadditionnal_products_category` ENABLE KEYS */;
UNLOCK TABLES;

--
-- Table structure for table `cbien`
--

DROP TABLE IF EXISTS `cbien`;
/*!40101 SET @saved_cs_client     = @@character_set_client */;
/*!40101 SET character_set_client = utf8 */;
CREATE TABLE `cbien` (
  `id` int(11) NOT NULL AUTO_INCREMENT,
  `type_id` int(11) DEFAULT NULL,
  `format_id` int(11) DEFAULT NULL,
  `building_id` int(11) DEFAULT NULL,
  `project_id` int(11) DEFAULT NULL,
  `name` varchar(255) NOT NULL,
  `customer_id` int(11) DEFAULT NULL,
  `is_sold` tinyint(1) NOT NULL,
  `state_id` int(11) DEFAULT NULL,
  `floor` int(11) DEFAULT NULL,
  `exact_area` int(11) NOT NULL,
  `final_price` int(11) DEFAULT NULL,
  `date_add` datetime NOT NULL,
  PRIMARY KEY (`id`),
  KEY `IDX_7C19E61AC54C8C93` (`type_id`),
  KEY `IDX_7C19E61AD629F605` (`format_id`),
  KEY `IDX_7C19E61A4D2A7E12` (`building_id`),
  KEY `IDX_7C19E61A166D1F9C` (`project_id`),
  KEY `IDX_7C19E61A9395C3F3` (`customer_id`),
  KEY `IDX_7C19E61A5D83CC1` (`state_id`),
  CONSTRAINT `FK_7C19E61A166D1F9C` FOREIGN KEY (`project_id`) REFERENCES `cproject` (`id`),
  CONSTRAINT `FK_7C19E61A4D2A7E12` FOREIGN KEY (`building_id`) REFERENCES `cbuiliding` (`id`),
  CONSTRAINT `FK_7C19E61A5D83CC1` FOREIGN KEY (`state_id`) REFERENCES `cbien_state` (`id`),
  CONSTRAINT `FK_7C19E61A9395C3F3` FOREIGN KEY (`customer_id`) REFERENCES `customer` (`id`),
  CONSTRAINT `FK_7C19E61AC54C8C93` FOREIGN KEY (`type_id`) REFERENCES `ctype_bien` (`id`),
  CONSTRAINT `FK_7C19E61AD629F605` FOREIGN KEY (`format_id`) REFERENCES `cformat_bien` (`id`)
) ENGINE=InnoDB AUTO_INCREMENT=799 DEFAULT CHARSET=utf8mb4 COLLATE=utf8mb4_unicode_ci;
/*!40101 SET character_set_client = @saved_cs_client */;

--
-- Dumping data for table `cbien`
--

LOCK TABLES `cbien` WRITE;
/*!40000 ALTER TABLE `cbien` DISABLE KEYS */;
INSERT INTO `cbien` VALUES
(1,1,1,1,1,'001\r',NULL,0,1,1,99,14355000,'2023-09-01 10:32:43'),
(2,1,1,1,1,'003\r',NULL,0,1,2,99,14355000,'2023-09-01 10:32:43'),
(3,1,1,1,1,'005 \r',NULL,0,1,3,99,14355000,'2023-09-01 10:32:43'),
(4,1,1,1,1,'007 \r',NULL,1,3,4,99,14355000,'2023-09-01 10:32:43'),
(5,1,1,1,1,'009\r',NULL,1,3,5,99,14355000,'2023-09-01 10:32:43'),
(6,1,2,1,1,'002\r',NULL,1,3,1,105,15225000,'2023-09-01 10:32:43'),
(7,1,2,1,1,'004 \r',NULL,1,3,2,105,15225000,'2023-09-01 10:32:43'),
(8,1,2,1,1,'006 \r',NULL,0,1,3,105,15225000,'2023-09-01 10:32:43'),
(9,1,2,1,1,'008\r',NULL,0,1,4,105,15225000,'2023-09-01 10:32:43'),
(10,1,2,1,1,'010 \r',NULL,0,1,5,105,15225000,'2023-09-01 10:32:43'),
(11,1,1,2,1,'011 \r',NULL,0,1,1,99,14355000,'2023-09-01 10:32:43'),
(12,1,1,2,1,'012\r',NULL,0,1,1,99,14355000,'2023-09-01 10:32:43'),
(13,1,1,2,1,'013\r',NULL,1,3,2,99,14355000,'2023-09-01 10:32:43'),
(14,1,1,2,1,'014\r',NULL,1,3,2,99,14355000,'2023-09-01 10:32:43'),
(15,1,1,2,1,'015\r',NULL,1,3,3,99,14355000,'2023-09-01 10:32:43'),
(16,1,2,2,1,'016 \r',NULL,1,3,3,105,15225000,'2023-09-01 10:32:43'),
(17,1,2,2,1,'017 \r',NULL,1,3,4,105,15225000,'2023-09-01 10:32:43'),
(18,1,2,2,1,'018 \r',NULL,1,3,4,105,15225000,'2023-09-01 10:32:43'),
(19,1,2,2,1,'019 \r',NULL,1,3,5,105,15225000,'2023-09-01 10:32:43'),
(20,1,2,2,1,'020 \r',NULL,1,3,5,105,15225000,'2023-09-01 10:32:43'),
(21,1,1,3,1,'021\r',NULL,0,1,1,99,14355000,'2023-09-01 10:32:43'),
(22,1,1,3,1,'023 \r',NULL,0,1,2,99,14355000,'2023-09-01 10:32:43'),
(23,1,1,3,1,'025\r',NULL,0,1,3,99,14355000,'2023-09-01 10:32:43'),
(24,1,1,3,1,'027 \r',NULL,0,1,4,99,14355000,'2023-09-01 10:32:43'),
(25,1,1,3,1,'029 \r',NULL,0,1,5,99,14355000,'2023-09-01 10:32:43'),
(26,1,2,3,1,'022 \r',NULL,0,1,1,105,15225000,'2023-09-01 10:32:43'),
(27,1,2,3,1,'024 \r',NULL,0,1,2,105,15225000,'2023-09-01 10:32:43'),
(28,1,2,3,1,'026 \r',NULL,0,1,3,105,15225000,'2023-09-01 10:32:43'),
(29,1,2,3,1,'028 \r',NULL,0,1,4,105,15225000,'2023-09-01 10:32:43'),
(30,1,2,3,1,'030\r',NULL,0,1,5,105,15225000,'2023-09-01 10:32:43'),
(31,1,1,4,1,'031\r',NULL,0,1,1,99,14355000,'2023-09-01 10:32:43'),
(32,1,1,4,1,'032\r',NULL,0,1,1,99,14355000,'2023-09-01 10:32:43'),
(33,1,1,4,1,'033\r',NULL,0,1,2,99,14355000,'2023-09-01 10:32:43'),
(34,1,1,4,1,'034\r',NULL,0,1,2,99,14355000,'2023-09-01 10:32:43'),
(35,1,1,4,1,'035\r',NULL,0,1,3,99,14355000,'2023-09-01 10:32:43'),
(36,1,2,4,1,'036\r',NULL,0,1,3,105,15225000,'2023-09-01 10:32:43'),
(37,1,2,4,1,'037\r',NULL,0,1,4,105,15225000,'2023-09-01 10:32:43'),
(38,1,2,4,1,'038\r',NULL,0,1,4,105,15225000,'2023-09-01 10:32:43'),
(39,1,2,4,1,'039\r',NULL,0,1,5,105,15225000,'2023-09-01 10:32:43'),
(40,1,2,4,1,'040\r',NULL,0,1,5,105,15225000,'2023-09-01 10:32:43'),
(41,1,3,5,1,'041\r',NULL,0,1,1,113,16385000,'2023-09-01 10:32:43'),
(42,1,3,5,1,'043\r',NULL,0,1,2,113,16385000,'2023-09-01 10:32:43'),
(43,1,3,5,1,'045\r',NULL,1,3,3,113,16385000,'2023-09-01 10:32:43'),
(44,1,3,5,1,'047\r',NULL,1,3,4,113,16385000,'2023-09-01 10:32:43'),
(45,1,3,5,1,'049\r',NULL,1,3,5,113,16385000,'2023-09-01 10:32:43'),
(46,1,4,5,1,'042\r',NULL,1,3,1,115,16675000,'2023-09-01 10:32:43'),
(47,1,4,5,1,'044\r',NULL,1,3,2,115,16675000,'2023-09-01 10:32:43'),
(48,1,4,5,1,'046\r',NULL,1,3,3,115,16675000,'2023-09-01 10:32:43'),
(49,1,4,5,1,'048\r',NULL,1,3,4,115,16675000,'2023-09-01 10:32:43'),
(50,1,4,5,1,'050\r',NULL,1,3,5,115,16675000,'2023-09-01 10:32:43'),
(51,1,3,6,1,'051\r',NULL,1,3,1,113,16385000,'2023-09-01 10:32:43'),
(52,1,3,6,1,'052\r',NULL,1,3,1,113,16385000,'2023-09-01 10:32:43'),
(53,1,3,6,1,'053 \r',NULL,1,3,2,113,16385000,'2023-09-01 10:32:43'),
(54,1,3,6,1,'054\r',NULL,1,3,2,113,16385000,'2023-09-01 10:32:43'),
(55,1,3,6,1,'055\r',NULL,1,3,3,113,16385000,'2023-09-01 10:32:43'),
(56,1,4,6,1,'056 \r',NULL,1,3,3,115,16675000,'2023-09-01 10:32:43'),
(57,1,4,6,1,'057\r',NULL,0,1,4,115,16675000,'2023-09-01 10:32:43'),
(58,1,4,6,1,'058\r',NULL,0,1,4,115,16675000,'2023-09-01 10:32:43'),
(59,1,4,6,1,'059 \r',NULL,0,1,5,115,16675000,'2023-09-01 10:32:43'),
(60,1,4,6,1,'060\r',NULL,0,1,5,115,16675000,'2023-09-01 10:32:43'),
(61,1,5,7,1,'061\r',NULL,0,1,1,121,17545000,'2023-09-01 10:32:43'),
(62,1,5,7,1,'063\r',NULL,0,1,2,121,17545000,'2023-09-01 10:32:43'),
(63,1,5,7,1,'065\r',NULL,0,1,3,121,17545000,'2023-09-01 10:32:43'),
(64,1,5,7,1,'067\r',NULL,0,1,4,121,17545000,'2023-09-01 10:32:43'),
(65,1,5,7,1,'069\r',NULL,0,1,5,121,17545000,'2023-09-01 10:32:43'),
(66,1,6,7,1,'062\r',NULL,1,3,1,128,18560000,'2023-09-01 10:32:43'),
(67,1,6,7,1,'064\r',NULL,1,3,2,128,18560000,'2023-09-01 10:32:43'),
(68,1,6,7,1,'066\r',NULL,1,3,3,128,18560000,'2023-09-01 10:32:43'),
(69,1,6,7,1,'068 \r',NULL,1,3,4,128,18560000,'2023-09-01 10:32:43'),
(70,1,6,7,1,'070\r',NULL,1,3,5,128,18560000,'2023-09-01 10:32:43'),
(71,1,5,8,1,'071\r',NULL,0,1,1,121,17545000,'2023-09-01 10:32:43'),
(72,1,5,8,1,'072\r',NULL,0,1,1,121,17545000,'2023-09-01 10:32:43'),
(73,1,5,8,1,'073\r',NULL,0,1,2,121,17545000,'2023-09-01 10:32:43'),
(74,1,5,8,1,'074\r',NULL,0,1,2,121,17545000,'2023-09-01 10:32:43'),
(75,1,5,8,1,'075\r',NULL,0,1,3,121,17545000,'2023-09-01 10:32:43'),
(76,1,6,8,1,'076\r',NULL,1,3,3,128,18560000,'2023-09-01 10:32:43'),
(77,1,6,8,1,'077\r',NULL,1,3,4,128,18560000,'2023-09-01 10:32:43'),
(78,1,6,8,1,'078\r',NULL,1,3,4,128,18560000,'2023-09-01 10:32:43'),
(79,1,6,8,1,'079\r',NULL,1,3,5,128,18560000,'2023-09-01 10:32:43'),
(80,1,6,8,1,'080 \r',NULL,1,3,5,128,18560000,'2023-09-01 10:32:43'),
(81,1,1,9,1,'081',NULL,0,1,1,99,14355000,'2023-09-01 10:32:43'),
(82,1,1,9,1,'082',NULL,0,1,2,99,14355000,'2023-09-01 10:32:43'),
(83,1,1,9,1,'083',NULL,0,1,3,99,14355000,'2023-09-01 10:32:43'),
(84,1,1,9,1,'084',NULL,0,1,4,99,14355000,'2023-09-01 10:32:43'),
(85,1,1,9,1,'085',NULL,0,1,5,99,14355000,'2023-09-01 10:32:43'),
(86,1,2,9,1,'086',NULL,0,1,1,105,15225000,'2023-09-01 10:32:43'),
(87,1,2,9,1,'087',NULL,0,1,2,105,15225000,'2023-09-01 10:32:43'),
(88,1,2,9,1,'088',NULL,0,1,3,105,15225000,'2023-09-01 10:32:43'),
(89,1,2,9,1,'089',NULL,0,1,4,105,15225000,'2023-09-01 10:32:43'),
(90,1,2,9,1,'090',NULL,0,1,5,105,15225000,'2023-09-01 10:32:43'),
(91,1,1,10,1,'091',NULL,0,1,1,99,14355000,'2023-09-01 10:32:43'),
(92,1,1,10,1,'092',NULL,0,1,1,99,14355000,'2023-09-01 10:32:43'),
(93,1,1,10,1,'093',NULL,0,1,2,99,14355000,'2023-09-01 10:32:43'),
(94,1,1,10,1,'094',NULL,0,1,2,99,14355000,'2023-09-01 10:32:43'),
(95,1,1,10,1,'095',NULL,0,1,3,99,14355000,'2023-09-01 10:32:43'),
(96,1,2,10,1,'096',NULL,0,1,3,105,15225000,'2023-09-01 10:32:43'),
(97,1,2,10,1,'097',NULL,0,1,4,105,15225000,'2023-09-01 10:32:43'),
(98,1,2,10,1,'098',NULL,0,1,4,105,15225000,'2023-09-01 10:32:43'),
(99,1,2,10,1,'099',NULL,0,1,5,105,15225000,'2023-09-01 10:32:43'),
(100,1,2,10,1,'100',NULL,0,1,5,105,15225000,'2023-09-01 10:32:43'),
(101,1,1,11,1,'101',NULL,0,1,1,99,14355000,'2023-09-01 10:32:43'),
(102,1,1,11,1,'102',NULL,0,1,2,99,14355000,'2023-09-01 10:32:43'),
(103,1,1,11,1,'103',NULL,0,1,3,99,14355000,'2023-09-01 10:32:43'),
(104,1,1,11,1,'104',NULL,0,1,4,99,14355000,'2023-09-01 10:32:43'),
(105,1,1,11,1,'105',NULL,0,1,5,99,14355000,'2023-09-01 10:32:43'),
(106,1,2,11,1,'106',NULL,0,1,1,105,15225000,'2023-09-01 10:32:43'),
(107,1,2,11,1,'107',NULL,0,1,2,105,15225000,'2023-09-01 10:32:43'),
(108,1,2,11,1,'108',NULL,0,1,3,105,15225000,'2023-09-01 10:32:43'),
(109,1,2,11,1,'109',NULL,0,1,4,105,15225000,'2023-09-01 10:32:43'),
(110,1,2,11,1,'110',NULL,0,1,5,105,15225000,'2023-09-01 10:32:43'),
(111,1,1,12,1,'111',NULL,0,1,1,99,14355000,'2023-09-01 10:32:43'),
(112,1,1,12,1,'112',NULL,0,1,1,99,14355000,'2023-09-01 10:32:43'),
(113,1,1,12,1,'113',NULL,0,1,2,99,14355000,'2023-09-01 10:32:43'),
(114,1,1,12,1,'114',NULL,0,1,2,99,14355000,'2023-09-01 10:32:43'),
(115,1,1,12,1,'115',NULL,0,1,3,99,14355000,'2023-09-01 10:32:43'),
(116,1,2,12,1,'116',NULL,0,1,3,105,15225000,'2023-09-01 10:32:43'),
(117,1,2,12,1,'117',NULL,0,1,4,105,15225000,'2023-09-01 10:32:43'),
(118,1,2,12,1,'118',NULL,0,1,4,105,15225000,'2023-09-01 10:32:43'),
(119,1,2,12,1,'119',NULL,0,1,5,105,15225000,'2023-09-01 10:32:43'),
(120,1,2,12,1,'120',NULL,0,1,5,105,15225000,'2023-09-01 10:32:43'),
(121,1,3,13,1,'121',NULL,0,1,1,113,16385000,'2023-09-01 10:32:43'),
(122,1,3,13,1,'122',NULL,0,1,2,113,16385000,'2023-09-01 10:32:43'),
(123,1,3,13,1,'123',NULL,0,1,3,113,16385000,'2023-09-01 10:32:43'),
(124,1,3,13,1,'124',NULL,0,1,4,113,16385000,'2023-09-01 10:32:43'),
(125,1,3,13,1,'125',NULL,0,1,5,113,16385000,'2023-09-01 10:32:43'),
(126,1,4,13,1,'126',NULL,0,1,1,115,16675000,'2023-09-01 10:32:43'),
(127,1,4,13,1,'127',NULL,0,1,2,115,16675000,'2023-09-01 10:32:43'),
(128,1,4,13,1,'128',NULL,0,1,3,115,16675000,'2023-09-01 10:32:43'),
(129,1,4,13,1,'129',NULL,0,1,4,115,16675000,'2023-09-01 10:32:43'),
(130,1,4,13,1,'130',NULL,0,1,5,115,16675000,'2023-09-01 10:32:43'),
(131,1,3,14,1,'131',NULL,0,1,1,113,16385000,'2023-09-01 10:32:43'),
(132,1,3,14,1,'132',NULL,0,1,1,113,16385000,'2023-09-01 10:32:43'),
(133,1,3,14,1,'133',NULL,0,1,2,113,16385000,'2023-09-01 10:32:43'),
(134,1,3,14,1,'134',NULL,0,1,2,113,16385000,'2023-09-01 10:32:43'),
(135,1,3,14,1,'135',NULL,0,1,3,113,16385000,'2023-09-01 10:32:43'),
(136,1,4,14,1,'136',NULL,0,1,3,115,16675000,'2023-09-01 10:32:43'),
(137,1,4,14,1,'137',NULL,0,1,4,115,16675000,'2023-09-01 10:32:43'),
(138,1,4,14,1,'138',NULL,0,1,4,115,16675000,'2023-09-01 10:32:43'),
(139,1,4,14,1,'139',NULL,0,1,5,115,16675000,'2023-09-01 10:32:43'),
(140,1,4,14,1,'140',NULL,0,1,5,115,16675000,'2023-09-01 10:32:43'),
(141,1,5,15,1,'141',NULL,0,1,1,121,17545000,'2023-09-01 10:32:43'),
(142,1,5,15,1,'142',NULL,0,1,2,121,17545000,'2023-09-01 10:32:43'),
(143,1,5,15,1,'143',NULL,0,1,3,121,17545000,'2023-09-01 10:32:43'),
(144,1,5,15,1,'144',NULL,0,1,4,121,17545000,'2023-09-01 10:32:43'),
(145,1,5,15,1,'145',NULL,0,1,5,121,17545000,'2023-09-01 10:32:43'),
(146,1,6,15,1,'146',NULL,1,3,1,128,18560000,'2023-09-01 10:32:43'),
(147,1,6,15,1,'147',NULL,1,3,2,128,18560000,'2023-09-01 10:32:43'),
(148,1,6,15,1,'148',NULL,1,3,3,128,18560000,'2023-09-01 10:32:43'),
(149,1,6,15,1,'149',NULL,1,3,4,128,18560000,'2023-09-01 10:32:43'),
(150,1,6,15,1,'150',NULL,1,3,5,128,18560000,'2023-09-01 10:32:43'),
(151,1,5,16,1,'151',NULL,0,1,1,121,17545000,'2023-09-01 10:32:43'),
(152,1,5,16,1,'152',NULL,0,1,1,121,17545000,'2023-09-01 10:32:43'),
(153,1,5,16,1,'153',NULL,0,1,2,121,17545000,'2023-09-01 10:32:43'),
(154,1,5,16,1,'154',NULL,0,1,2,121,17545000,'2023-09-01 10:32:43'),
(155,1,5,16,1,'155',NULL,0,1,3,121,17545000,'2023-09-01 10:32:43'),
(156,1,6,16,1,'156',NULL,1,3,3,128,18560000,'2023-09-01 10:32:43'),
(157,1,6,16,1,'157',NULL,1,3,4,128,18560000,'2023-09-01 10:32:43'),
(158,1,6,16,1,'158',NULL,1,3,4,128,18560000,'2023-09-01 10:32:43'),
(159,1,6,16,1,'159',NULL,1,3,5,128,18560000,'2023-09-01 10:32:43'),
(160,1,6,16,1,'160',NULL,1,3,5,128,18560000,'2023-09-01 10:32:43'),
(161,1,1,17,1,'161',NULL,0,1,1,99,14355000,'2023-09-01 10:32:43'),
(162,1,1,17,1,'162',NULL,0,1,2,99,14355000,'2023-09-01 10:32:43'),
(163,1,1,17,1,'163',NULL,0,1,3,99,14355000,'2023-09-01 10:32:43'),
(164,1,1,17,1,'164',NULL,0,1,4,99,14355000,'2023-09-01 10:32:43'),
(165,1,1,17,1,'165',NULL,0,1,5,99,14355000,'2023-09-01 10:32:43'),
(166,1,2,17,1,'166',NULL,0,1,1,105,15225000,'2023-09-01 10:32:43'),
(167,1,2,17,1,'167',NULL,0,1,2,105,15225000,'2023-09-01 10:32:43'),
(168,1,2,17,1,'168',NULL,0,1,3,105,15225000,'2023-09-01 10:32:43'),
(169,1,2,17,1,'169',NULL,0,1,4,105,15225000,'2023-09-01 10:32:43'),
(170,1,2,17,1,'170',NULL,0,1,5,105,15225000,'2023-09-01 10:32:43'),
(171,1,1,18,1,'171',NULL,0,1,1,99,14355000,'2023-09-01 10:32:43'),
(172,1,1,18,1,'172',NULL,0,1,1,99,14355000,'2023-09-01 10:32:43'),
(173,1,1,18,1,'173',NULL,0,1,2,99,14355000,'2023-09-01 10:32:43'),
(174,1,1,18,1,'174',NULL,0,1,2,99,14355000,'2023-09-01 10:32:43'),
(175,1,1,18,1,'175',NULL,0,1,3,99,14355000,'2023-09-01 10:32:43'),
(176,1,2,18,1,'176',NULL,0,1,3,105,15225000,'2023-09-01 10:32:43'),
(177,1,2,18,1,'177',NULL,0,1,4,105,15225000,'2023-09-01 10:32:43'),
(178,1,2,18,1,'178',NULL,0,1,4,105,15225000,'2023-09-01 10:32:43'),
(179,1,2,18,1,'179',NULL,0,1,5,105,15225000,'2023-09-01 10:32:43'),
(180,1,2,18,1,'180',NULL,0,1,5,105,15225000,'2023-09-01 10:32:43'),
(181,1,1,18,1,'181',NULL,0,1,1,99,14355000,'2023-09-01 10:32:43'),
(182,1,1,18,1,'182',NULL,0,1,2,99,14355000,'2023-09-01 10:32:43'),
(183,1,1,18,1,'183',NULL,0,1,3,99,14355000,'2023-09-01 10:32:43'),
(184,1,1,18,1,'184',NULL,0,1,4,99,14355000,'2023-09-01 10:32:43'),
(185,1,1,18,1,'185',NULL,0,1,5,99,14355000,'2023-09-01 10:32:43'),
(186,1,2,18,1,'186',NULL,0,1,1,105,15225000,'2023-09-01 10:32:43'),
(187,1,2,18,1,'187',NULL,0,1,2,105,15225000,'2023-09-01 10:32:43'),
(188,1,2,18,1,'188',NULL,0,1,3,105,15225000,'2023-09-01 10:32:43'),
(189,1,2,18,1,'189',NULL,0,1,4,105,15225000,'2023-09-01 10:32:43'),
(190,1,2,18,1,'190',NULL,0,1,5,105,15225000,'2023-09-01 10:32:43'),
(191,1,1,19,1,'191',NULL,0,1,1,99,14355000,'2023-09-01 10:32:43'),
(192,1,1,19,1,'192',NULL,0,1,1,99,14355000,'2023-09-01 10:32:43'),
(193,1,1,19,1,'193',NULL,0,1,2,99,14355000,'2023-09-01 10:32:43'),
(194,1,1,19,1,'194',NULL,0,1,2,99,14355000,'2023-09-01 10:32:43'),
(195,1,1,19,1,'195',NULL,0,1,3,99,14355000,'2023-09-01 10:32:43'),
(196,1,2,19,1,'196',NULL,0,1,3,105,15225000,'2023-09-01 10:32:43'),
(197,1,2,19,1,'197',NULL,0,1,4,105,15225000,'2023-09-01 10:32:43'),
(198,1,2,19,1,'198',NULL,0,1,4,105,15225000,'2023-09-01 10:32:43'),
(199,1,2,19,1,'199',NULL,0,1,5,105,15225000,'2023-09-01 10:32:43'),
(200,1,2,19,1,'200',NULL,1,2,5,105,15225000,'2023-09-01 10:32:43'),
(201,1,3,20,1,'201',NULL,0,1,1,113,16385000,'2023-09-01 10:32:43'),
(202,1,3,20,1,'202',NULL,0,1,2,113,16385000,'2023-09-01 10:32:43'),
(203,1,3,20,1,'203',NULL,0,1,3,113,16385000,'2023-09-01 10:32:43'),
(204,1,3,20,1,'204',NULL,0,1,4,113,16385000,'2023-09-01 10:32:43'),
(205,1,3,20,1,'205',NULL,0,1,5,113,16385000,'2023-09-01 10:32:43'),
(206,1,4,20,1,'206',NULL,0,1,1,115,16675000,'2023-09-01 10:32:43'),
(207,1,4,20,1,'207',NULL,0,1,2,115,16675000,'2023-09-01 10:32:43'),
(208,1,4,20,1,'208',NULL,0,1,3,115,16675000,'2023-09-01 10:32:43'),
(209,1,4,20,1,'209',NULL,0,1,4,115,16675000,'2023-09-01 10:32:43'),
(210,1,4,20,1,'210',NULL,0,1,5,115,16675000,'2023-09-01 10:32:43'),
(211,1,3,21,1,'211',NULL,0,1,1,113,16385000,'2023-09-01 10:32:43'),
(212,1,3,21,1,'212',NULL,0,1,1,113,16385000,'2023-09-01 10:32:43'),
(213,1,3,21,1,'213',NULL,0,1,2,113,16385000,'2023-09-01 10:32:43'),
(214,1,3,21,1,'214',NULL,0,1,2,113,16385000,'2023-09-01 10:32:43'),
(215,1,3,21,1,'215',NULL,0,1,3,113,16385000,'2023-09-01 10:32:43'),
(216,1,4,21,1,'216',NULL,0,1,3,115,16675000,'2023-09-01 10:32:43'),
(217,1,4,21,1,'217',NULL,0,1,4,115,16675000,'2023-09-01 10:32:43'),
(218,1,4,21,1,'218',NULL,0,1,4,115,16675000,'2023-09-01 10:32:43'),
(219,1,4,21,1,'219',NULL,0,1,5,115,16675000,'2023-09-01 10:32:43'),
(220,1,4,21,1,'220',NULL,0,1,5,115,16675000,'2023-09-01 10:32:43'),
(221,1,5,22,1,'221',NULL,0,1,1,121,17545000,'2023-09-01 10:32:43'),
(222,1,5,22,1,'222',NULL,0,1,2,121,17545000,'2023-09-01 10:32:43'),
(223,1,5,22,1,'223',NULL,0,1,3,121,17545000,'2023-09-01 10:32:43'),
(224,1,5,22,1,'224',NULL,0,1,4,121,17545000,'2023-09-01 10:32:43'),
(225,1,5,22,1,'225',NULL,0,1,5,121,17545000,'2023-09-01 10:32:43'),
(226,1,6,22,1,'226',NULL,1,3,1,128,18560000,'2023-09-01 10:32:43'),
(227,1,6,22,1,'227',NULL,1,3,2,128,18560000,'2023-09-01 10:32:43'),
(228,1,6,22,1,'228',NULL,1,3,3,128,18560000,'2023-09-01 10:32:43'),
(229,1,6,22,1,'229',NULL,1,3,4,128,18560000,'2023-09-01 10:32:43'),
(230,1,6,22,1,'230',NULL,1,3,5,128,18560000,'2023-09-01 10:32:43'),
(231,1,5,23,1,'231',NULL,0,1,1,121,17545000,'2023-09-01 10:32:43'),
(232,1,5,23,1,'232',NULL,0,1,1,121,17545000,'2023-09-01 10:32:43'),
(233,1,5,23,1,'233',NULL,0,1,2,121,17545000,'2023-09-01 10:32:43'),
(234,1,5,23,1,'234',NULL,0,1,2,121,17545000,'2023-09-01 10:32:43'),
(235,1,5,23,1,'235',NULL,0,1,3,121,17545000,'2023-09-01 10:32:43'),
(236,1,6,23,1,'236',NULL,1,3,3,128,18560000,'2023-09-01 10:32:43'),
(237,1,6,23,1,'237',NULL,1,3,4,128,18560000,'2023-09-01 10:32:43'),
(238,1,6,23,1,'238',NULL,1,3,4,128,18560000,'2023-09-01 10:32:43'),
(239,1,6,23,1,'239',NULL,1,3,5,128,18560000,'2023-09-01 10:32:43'),
(240,1,6,23,1,'240',NULL,1,3,5,128,18560000,'2023-09-01 10:32:43'),
(241,1,7,24,1,'241',NULL,0,1,1,159,23055000,'2023-09-01 10:32:43'),
(242,1,7,24,1,'242',NULL,0,1,1,159,23055000,'2023-09-01 10:32:43'),
(243,1,7,24,1,'243',NULL,0,1,2,159,23055000,'2023-09-01 10:32:43'),
(244,1,7,24,1,'244',NULL,0,1,2,159,23055000,'2023-09-01 10:32:43'),
(245,1,7,24,1,'245',NULL,0,1,3,159,23055000,'2023-09-01 10:32:43'),
(246,1,7,24,1,'246',NULL,0,1,3,159,23055000,'2023-09-01 10:32:43'),
(247,1,7,24,1,'247',NULL,0,1,4,159,23055000,'2023-09-01 10:32:43'),
(248,1,7,24,1,'248',NULL,0,1,4,159,23055000,'2023-09-01 10:32:43'),
(249,1,7,24,1,'249',NULL,0,1,5,159,23055000,'2023-09-01 10:32:43'),
(250,1,7,24,1,'250',NULL,0,1,5,159,23055000,'2023-09-01 10:32:43'),
(251,1,7,24,1,'251',NULL,0,1,1,159,23055000,'2023-09-01 10:32:43'),
(252,1,7,24,1,'252',NULL,0,1,2,159,23055000,'2023-09-01 10:32:43'),
(253,1,7,24,1,'253',NULL,0,1,3,159,23055000,'2023-09-01 10:32:43'),
(254,1,7,24,1,'254',NULL,0,1,4,159,23055000,'2023-09-01 10:32:43'),
(255,1,7,24,1,'255',NULL,0,1,5,159,23055000,'2023-09-01 10:32:43'),
(256,1,7,24,1,'256',NULL,0,1,1,159,23055000,'2023-09-01 10:32:43'),
(257,1,7,24,1,'257',NULL,0,1,2,159,23055000,'2023-09-01 10:32:43'),
(258,1,7,24,1,'258',NULL,0,1,3,159,23055000,'2023-09-01 10:32:43'),
(259,1,7,24,1,'259',NULL,0,1,4,159,23055000,'2023-09-01 10:32:43'),
(260,1,7,24,1,'260',NULL,1,3,5,159,23055000,'2023-09-01 10:32:43'),
(261,1,7,25,1,'261',NULL,1,3,1,159,23055000,'2023-09-01 10:32:43'),
(262,1,7,25,1,'262',NULL,1,3,1,159,23055000,'2023-09-01 10:32:43'),
(263,1,7,25,1,'263',NULL,1,3,2,159,23055000,'2023-09-01 10:32:43'),
(264,1,7,25,1,'264',NULL,0,1,2,159,23055000,'2023-09-01 10:32:43'),
(265,1,7,25,1,'265',NULL,0,1,3,159,23055000,'2023-09-01 10:32:43'),
(266,1,7,25,1,'266',NULL,1,2,3,159,23055000,'2023-09-01 10:32:43'),
(267,1,7,25,1,'267',NULL,0,1,4,159,23055000,'2023-09-01 10:32:43'),
(268,1,7,25,1,'268',NULL,0,1,4,159,23055000,'2023-09-01 10:32:43'),
(269,1,7,25,1,'269',NULL,1,3,5,159,23055000,'2023-09-01 10:32:43'),
(270,1,7,25,1,'270',NULL,1,3,5,159,23055000,'2023-09-01 10:32:43'),
(271,1,7,26,1,'271',NULL,1,3,1,159,23055000,'2023-09-01 10:32:43'),
(272,1,7,26,1,'272',NULL,1,3,2,159,23055000,'2023-09-01 10:32:43'),
(273,1,7,26,1,'273',NULL,1,3,3,159,23055000,'2023-09-01 10:32:43'),
(274,1,7,26,1,'274',NULL,1,3,4,159,23055000,'2023-09-01 10:32:43'),
(275,1,7,26,1,'275',NULL,1,3,5,159,23055000,'2023-09-01 10:32:43'),
(276,1,7,26,1,'276',NULL,1,3,1,159,23055000,'2023-09-01 10:32:43'),
(277,1,7,26,1,'277',NULL,0,1,2,159,23055000,'2023-09-01 10:32:43'),
(278,1,7,26,1,'278',NULL,0,1,3,159,23055000,'2023-09-01 10:32:43'),
(279,1,7,26,1,'279',NULL,0,1,4,159,23055000,'2023-09-01 10:32:43'),
(280,1,7,26,1,'280',NULL,0,1,5,159,23055000,'2023-09-01 10:32:43'),
(281,1,7,27,1,'281',NULL,0,1,1,159,23055000,'2023-09-01 10:32:43'),
(282,1,7,27,1,'282',NULL,0,1,1,159,23055000,'2023-09-01 10:32:43'),
(283,1,7,27,1,'283',NULL,0,1,2,159,23055000,'2023-09-01 10:32:43'),
(284,1,7,27,1,'284',NULL,0,1,2,159,23055000,'2023-09-01 10:32:43'),
(285,1,7,27,1,'285',NULL,0,1,3,159,23055000,'2023-09-01 10:32:43'),
(286,1,7,27,1,'286',NULL,0,1,3,159,23055000,'2023-09-01 10:32:43'),
(287,1,7,27,1,'287',NULL,0,1,4,159,23055000,'2023-09-01 10:32:43'),
(288,1,7,27,1,'288',NULL,0,1,4,159,23055000,'2023-09-01 10:32:43'),
(289,1,7,27,1,'289',NULL,0,1,5,159,23055000,'2023-09-01 10:32:43'),
(290,1,7,27,1,'290',NULL,0,1,5,159,23055000,'2023-09-01 10:32:43'),
(291,3,8,NULL,1,'V 001',NULL,0,1,NULL,199,55000000,'2023-09-01 11:44:18'),
(559,3,8,NULL,1,'V-002',NULL,1,3,NULL,199,55000000,'2023-09-01 10:32:43'),
(560,3,8,NULL,1,'V-003',NULL,1,3,NULL,199,55000000,'2023-09-01 10:32:43'),
(561,3,8,NULL,1,'V-004',NULL,1,3,NULL,199,55000000,'2023-09-01 10:32:43'),
(562,3,8,NULL,1,'V-005',NULL,1,3,NULL,199,55000000,'2023-09-01 10:32:43'),
(563,3,8,NULL,1,'V-006',NULL,1,3,NULL,199,55000000,'2023-09-01 10:32:43'),
(564,3,8,NULL,1,'V-007',NULL,1,3,NULL,199,55000000,'2023-09-01 10:32:43'),
(565,3,8,NULL,1,'V-008',NULL,1,3,NULL,199,55000000,'2023-09-01 10:32:43'),
(566,3,8,NULL,1,'V-009',NULL,1,3,NULL,199,55000000,'2023-09-01 10:32:43'),
(567,3,8,NULL,1,'V-010',NULL,1,3,NULL,199,55000000,'2023-09-01 10:32:43'),
(568,3,8,NULL,1,'V-011',NULL,1,3,NULL,199,55000000,'2023-09-01 10:32:43'),
(569,3,8,NULL,1,'V-012',NULL,0,1,NULL,199,55000000,'2023-09-01 10:32:43'),
(570,3,8,NULL,1,'V-013',NULL,0,1,NULL,199,55000000,'2023-09-01 10:32:43'),
(571,3,8,NULL,1,'V-014',NULL,1,2,NULL,199,55000000,'2023-09-01 10:32:43'),
(572,3,8,NULL,1,'V-015',NULL,0,1,NULL,199,55000000,'2023-09-01 10:32:43'),
(573,3,8,NULL,1,'V-016',NULL,0,1,NULL,199,55000000,'2023-09-01 10:32:43'),
(574,3,8,NULL,1,'V-017',NULL,1,2,NULL,199,55000000,'2023-09-01 10:32:43'),
(575,3,8,NULL,1,'V-018',NULL,0,1,NULL,199,55000000,'2023-09-01 10:32:43'),
(576,3,8,NULL,1,'V-019',NULL,0,1,NULL,199,55000000,'2023-09-01 10:32:43'),
(577,3,8,NULL,1,'V-020',NULL,0,1,NULL,199,55000000,'2023-09-01 10:32:43'),
(578,3,8,NULL,1,'V-021',NULL,0,1,NULL,199,55000000,'2023-09-01 10:32:43'),
(579,3,8,NULL,1,'V-022',NULL,0,1,NULL,199,55000000,'2023-09-01 10:32:43'),
(580,3,8,NULL,1,'V-023',NULL,0,1,NULL,199,55000000,'2023-09-01 10:32:43'),
(581,3,8,NULL,1,'V-024',NULL,0,1,NULL,199,55000000,'2023-09-01 10:32:43'),
(582,3,8,NULL,1,'V-025',NULL,0,1,NULL,199,55000000,'2023-09-01 10:32:43'),
(583,3,8,NULL,1,'V-026',NULL,0,1,NULL,199,55000000,'2023-09-01 10:32:43'),
(584,3,8,NULL,1,'V-027',NULL,0,1,NULL,199,55000000,'2023-09-01 10:32:43'),
(585,3,8,NULL,1,'V-028',NULL,0,1,NULL,199,55000000,'2023-09-01 10:32:43'),
(586,3,8,NULL,1,'V-029',NULL,0,1,NULL,199,55000000,'2023-09-01 10:32:43'),
(587,3,8,NULL,1,'V-030',NULL,0,1,NULL,199,55000000,'2023-09-01 10:32:43'),
(588,3,9,NULL,1,'V-030',NULL,0,1,NULL,210,65000000,'2023-09-01 10:32:43'),
(589,3,9,NULL,1,'V-031',NULL,0,1,NULL,210,65000000,'2023-09-01 10:32:43'),
(590,3,9,NULL,1,'V-032',NULL,0,1,NULL,210,65000000,'2023-09-01 10:32:43'),
(591,3,9,NULL,1,'V-033',NULL,0,1,NULL,210,65000000,'2023-09-01 10:32:43'),
(592,3,9,NULL,1,'V-034',NULL,0,1,NULL,210,65000000,'2023-09-01 10:32:43'),
(593,3,9,NULL,1,'V-035',NULL,0,1,NULL,210,65000000,'2023-09-01 10:32:43'),
(594,3,9,NULL,1,'V-036',NULL,0,1,NULL,210,65000000,'2023-09-01 10:32:43'),
(595,3,9,NULL,1,'V-037',NULL,0,1,NULL,210,65000000,'2023-09-01 10:32:43'),
(596,3,9,NULL,1,'V-038',NULL,0,1,NULL,210,65000000,'2023-09-01 10:32:43'),
(597,3,9,NULL,1,'V-039',NULL,0,1,NULL,210,65000000,'2023-09-01 10:32:43'),
(598,3,9,NULL,1,'V-040',NULL,0,1,NULL,210,65000000,'2023-09-01 10:32:43'),
(599,3,9,NULL,1,'V-041',NULL,0,1,NULL,210,65000000,'2023-09-01 10:32:43'),
(600,3,9,NULL,1,'V-042',NULL,0,1,NULL,210,65000000,'2023-09-01 10:32:43'),
(601,3,9,NULL,1,'V-043',NULL,0,1,NULL,210,65000000,'2023-09-01 10:32:43'),
(602,3,9,NULL,1,'V-044',NULL,0,1,NULL,210,65000000,'2023-09-01 10:32:43'),
(603,3,9,NULL,1,'V-045',NULL,0,1,NULL,210,65000000,'2023-09-01 10:32:43'),
(604,3,9,NULL,1,'V-046',NULL,0,1,NULL,210,65000000,'2023-09-01 10:32:43'),
(605,3,9,NULL,1,'V-047',NULL,0,1,NULL,210,65000000,'2023-09-01 10:32:43'),
(606,3,9,NULL,1,'V-048',NULL,0,1,NULL,210,65000000,'2023-09-01 10:32:43'),
(607,3,9,NULL,1,'V-049',NULL,0,1,NULL,210,65000000,'2023-09-01 10:32:43'),
(608,3,9,NULL,1,'V-050',NULL,0,1,NULL,210,65000000,'2023-09-01 10:32:43'),
(609,3,9,NULL,1,'V-051',NULL,0,1,NULL,210,65000000,'2023-09-01 10:32:43'),
(610,3,9,NULL,1,'V-052',NULL,0,1,NULL,210,65000000,'2023-09-01 10:32:43'),
(611,3,9,NULL,1,'V-053',NULL,0,1,NULL,210,65000000,'2023-09-01 10:32:43'),
(612,3,9,NULL,1,'V-054',NULL,0,1,NULL,210,65000000,'2023-09-01 10:32:43'),
(613,3,9,NULL,1,'V-055',NULL,0,1,NULL,210,65000000,'2023-09-01 10:32:43'),
(614,3,9,NULL,1,'V-056',NULL,0,1,NULL,210,65000000,'2023-09-01 10:32:43'),
(615,3,9,NULL,1,'V-057',NULL,0,1,NULL,210,65000000,'2023-09-01 10:32:43'),
(616,3,9,NULL,1,'V-058',NULL,0,1,NULL,210,65000000,'2023-09-01 10:32:43'),
(617,3,9,NULL,1,'V-059',NULL,0,1,NULL,210,65000000,'2023-09-01 10:32:43'),
(618,3,9,NULL,1,'V-060',NULL,0,1,NULL,210,65000000,'2023-09-01 10:32:43'),
(619,3,9,NULL,1,'V-061',NULL,0,1,NULL,210,65000000,'2023-09-01 10:32:43'),
(620,3,9,NULL,1,'V-062',NULL,0,1,NULL,210,65000000,'2023-09-01 10:32:43'),
(621,3,9,NULL,1,'V-063',NULL,0,1,NULL,210,65000000,'2023-09-01 10:32:43'),
(622,3,9,NULL,1,'V-064',NULL,0,1,NULL,210,65000000,'2023-09-01 10:32:43'),
(623,3,9,NULL,1,'V-065',NULL,0,1,NULL,210,65000000,'2023-09-01 10:32:43'),
(624,3,9,NULL,1,'V-066',NULL,0,1,NULL,210,65000000,'2023-09-01 10:32:43'),
(625,3,9,NULL,1,'V-067',NULL,0,1,NULL,210,65000000,'2023-09-01 10:32:43'),
(626,3,9,NULL,1,'V-068',NULL,0,1,NULL,210,65000000,'2023-09-01 10:32:43'),
(627,3,9,NULL,1,'V-069',NULL,0,1,NULL,210,65000000,'2023-09-01 10:32:43'),
(628,3,9,NULL,1,'V-070',NULL,0,1,NULL,210,65000000,'2023-09-01 10:32:43'),
(629,3,9,NULL,1,'V-071',NULL,0,1,NULL,210,65000000,'2023-09-01 10:32:43'),
(630,3,9,NULL,1,'V-072',NULL,0,1,NULL,210,65000000,'2023-09-01 10:32:43'),
(631,3,9,NULL,1,'V-073',NULL,0,1,NULL,210,65000000,'2023-09-01 10:32:43'),
(632,3,9,NULL,1,'V-074',NULL,0,1,NULL,210,65000000,'2023-09-01 10:32:43'),
(633,3,9,NULL,1,'V-075',NULL,0,1,NULL,210,65000000,'2023-09-01 10:32:43'),
(634,3,9,NULL,1,'V-076',NULL,0,1,NULL,210,65000000,'2023-09-01 10:32:43'),
(635,3,9,NULL,1,'V-077',NULL,0,1,NULL,210,65000000,'2023-09-01 10:32:43'),
(636,3,9,NULL,1,'V-078',NULL,0,1,NULL,210,65000000,'2023-09-01 10:32:43'),
(637,3,9,NULL,1,'V-079',NULL,0,1,NULL,210,65000000,'2023-09-01 10:32:43'),
(638,3,9,NULL,1,'V-080',NULL,0,1,NULL,210,65000000,'2023-09-01 10:32:43'),
(639,3,9,NULL,1,'V-081',NULL,0,1,NULL,210,65000000,'2023-09-01 10:32:43'),
(640,3,9,NULL,1,'V-082',NULL,0,1,NULL,210,65000000,'2023-09-01 10:32:43'),
(641,3,9,NULL,1,'V-083',NULL,0,1,NULL,210,65000000,'2023-09-01 10:32:43'),
(642,3,9,NULL,1,'V-084',NULL,0,1,NULL,210,65000000,'2023-09-01 10:32:43'),
(643,3,9,NULL,1,'V-085',NULL,0,1,NULL,210,65000000,'2023-09-01 10:32:43'),
(644,3,9,NULL,1,'V-086',NULL,0,1,NULL,210,65000000,'2023-09-01 10:32:43'),
(645,3,9,NULL,1,'V-087',NULL,0,1,NULL,210,65000000,'2023-09-01 10:32:43'),
(646,3,9,NULL,1,'V-088',NULL,0,1,NULL,210,65000000,'2023-09-01 10:32:43'),
(647,3,9,NULL,1,'V-089',NULL,0,1,NULL,210,65000000,'2023-09-01 10:32:43'),
(648,3,9,NULL,1,'V-090',NULL,0,1,NULL,210,65000000,'2023-09-01 10:32:43'),
(649,3,9,NULL,1,'V-091',NULL,0,1,NULL,210,65000000,'2023-09-01 10:32:43'),
(650,3,10,NULL,1,'V-091',NULL,0,1,NULL,288,85000000,'2023-09-01 10:32:43'),
(651,3,10,NULL,1,'V-092',NULL,0,1,NULL,288,85000000,'2023-09-01 10:32:43'),
(652,3,10,NULL,1,'V-093',NULL,0,1,NULL,288,85000000,'2023-09-01 10:32:43'),
(653,3,10,NULL,1,'V-094',NULL,0,1,NULL,288,85000000,'2023-09-01 10:32:43'),
(654,3,10,NULL,1,'V-095',NULL,0,1,NULL,288,85000000,'2023-09-01 10:32:43'),
(655,3,10,NULL,1,'V-096',NULL,0,1,NULL,288,85000000,'2023-09-01 10:32:43'),
(656,3,10,NULL,1,'V-097',NULL,0,1,NULL,288,85000000,'2023-09-01 10:32:43'),
(657,3,10,NULL,1,'V-098',NULL,0,1,NULL,288,85000000,'2023-09-01 10:32:43'),
(658,3,10,NULL,1,'V-099',NULL,0,1,NULL,288,85000000,'2023-09-01 10:32:43'),
(659,3,10,NULL,1,'V-100',NULL,0,1,NULL,288,85000000,'2023-09-01 10:32:43'),
(660,3,10,NULL,1,'V-101',NULL,0,1,NULL,288,85000000,'2023-09-01 10:32:43'),
(661,3,10,NULL,1,'V-102',NULL,0,1,NULL,288,85000000,'2023-09-01 10:32:43'),
(662,3,10,NULL,1,'V-103',NULL,0,1,NULL,288,85000000,'2023-09-01 10:32:43'),
(663,3,10,NULL,1,'V-104',NULL,0,1,NULL,288,85000000,'2023-09-01 10:32:43'),
(664,3,10,NULL,1,'V-105',NULL,0,1,NULL,288,85000000,'2023-09-01 10:32:43'),
(665,3,10,NULL,1,'V-106',NULL,0,1,NULL,288,85000000,'2023-09-01 10:32:43'),
(666,3,10,NULL,1,'V-107',NULL,0,1,NULL,288,85000000,'2023-09-01 11:44:18'),
(667,3,10,NULL,1,'V-108',NULL,0,1,NULL,288,85000000,'2023-09-01 10:32:43'),
(668,3,10,NULL,1,'V-109',NULL,0,1,NULL,288,85000000,'2023-09-01 10:32:43'),
(669,3,10,NULL,1,'V-110',NULL,0,1,NULL,288,85000000,'2023-09-01 10:32:43'),
(670,3,10,NULL,1,'V-111',NULL,0,1,NULL,288,85000000,'2023-09-01 10:32:43'),
(671,3,10,NULL,1,'V-112',NULL,0,1,NULL,288,85000000,'2023-09-01 10:32:43'),
(672,3,10,NULL,1,'V-113',NULL,0,1,NULL,288,85000000,'2023-09-01 10:32:43'),
(673,3,10,NULL,1,'V-114',NULL,0,1,NULL,288,85000000,'2023-09-01 10:32:43'),
(674,3,10,NULL,1,'V-115',NULL,0,1,NULL,288,85000000,'2023-09-01 10:32:43'),
(675,3,10,NULL,1,'V-116',NULL,0,1,NULL,288,85000000,'2023-09-01 10:32:43'),
(676,3,10,NULL,1,'V-117',NULL,0,1,NULL,288,85000000,'2023-09-01 10:32:43'),
(677,3,10,NULL,1,'V-118',NULL,0,1,NULL,288,85000000,'2023-09-01 10:32:43'),
(678,3,10,NULL,1,'V-119',NULL,0,1,NULL,288,85000000,'2023-09-01 10:32:43'),
(679,3,10,NULL,1,'V-120',NULL,0,1,NULL,288,85000000,'2023-09-01 10:32:43'),
(680,3,10,NULL,1,'V-121',NULL,0,1,NULL,288,85000000,'2023-09-01 10:32:43'),
(681,3,10,NULL,1,'V-122',NULL,0,1,NULL,288,85000000,'2023-09-01 10:32:43'),
(682,3,10,NULL,1,'V-123',NULL,0,1,NULL,288,85000000,'2023-09-01 10:32:43'),
(683,3,11,NULL,1,'V-124',NULL,0,1,NULL,290,89000000,'2023-09-01 10:32:43'),
(684,3,11,NULL,1,'V-124',NULL,0,1,NULL,290,89000000,'2023-09-01 10:32:43'),
(685,3,11,NULL,1,'V-125',NULL,0,1,NULL,290,89000000,'2023-09-01 10:32:43'),
(686,3,11,NULL,1,'V-126',NULL,0,1,NULL,290,89000000,'2023-09-01 10:32:43'),
(687,3,11,NULL,1,'V-127',NULL,0,1,NULL,290,89000000,'2023-09-01 10:32:43'),
(688,3,11,NULL,1,'V-128',NULL,0,1,NULL,290,89000000,'2023-09-01 10:32:43'),
(689,3,11,NULL,1,'V-129',NULL,0,1,NULL,290,89000000,'2023-09-01 10:32:43'),
(690,3,11,NULL,1,'V-130',NULL,0,1,NULL,290,89000000,'2023-09-01 10:32:43'),
(691,3,11,NULL,1,'V-131',NULL,0,1,NULL,290,89000000,'2023-09-01 10:32:43'),
(692,3,11,NULL,1,'V-132',NULL,0,1,NULL,290,89000000,'2023-09-01 10:32:43'),
(693,3,11,NULL,1,'V-133',NULL,0,1,NULL,290,89000000,'2023-09-01 10:32:43'),
(694,3,11,NULL,1,'V-134',NULL,0,1,NULL,290,89000000,'2023-09-01 10:32:43'),
(695,3,11,NULL,1,'V-135',NULL,0,1,NULL,290,89000000,'2023-09-01 10:32:43'),
(696,3,11,NULL,1,'V-136',NULL,0,1,NULL,290,89000000,'2023-09-01 10:32:43'),
(697,3,11,NULL,1,'V-137',NULL,0,1,NULL,290,89000000,'2023-09-01 10:32:43'),
(698,3,11,NULL,1,'V-138',NULL,0,1,NULL,290,89000000,'2023-09-01 10:32:43'),
(699,3,11,NULL,1,'V-139',NULL,0,1,NULL,290,89000000,'2023-09-01 10:32:43'),
(700,3,11,NULL,1,'V-140',NULL,0,1,NULL,290,89000000,'2023-09-01 10:32:43'),
(701,3,11,NULL,1,'V-141',NULL,0,1,NULL,290,89000000,'2023-09-01 10:32:43'),
(702,3,11,NULL,1,'V-142',NULL,0,1,NULL,290,89000000,'2023-09-01 10:32:43'),
(703,3,11,NULL,1,'V-143',NULL,0,1,NULL,290,89000000,'2023-09-01 10:32:43'),
(704,3,11,NULL,1,'V-144',NULL,0,1,NULL,290,89000000,'2023-09-01 10:32:43'),
(705,3,11,NULL,1,'V-145',NULL,0,1,NULL,290,89000000,'2023-09-01 10:32:43'),
(706,3,11,NULL,1,'V-146',NULL,0,1,NULL,290,89000000,'2023-09-01 10:32:43'),
(707,3,11,NULL,1,'V-147',NULL,0,1,NULL,290,89000000,'2023-09-01 10:32:43'),
(708,3,11,NULL,1,'V-148',NULL,0,1,NULL,290,89000000,'2023-09-01 10:32:43'),
(709,3,11,NULL,1,'V-149',NULL,0,1,NULL,290,89000000,'2023-09-01 10:32:43'),
(710,3,11,NULL,1,'V-150',NULL,0,1,NULL,290,89000000,'2023-09-01 10:32:43'),
(711,3,11,NULL,1,'V-151',NULL,0,1,NULL,290,89000000,'2023-09-01 10:32:43'),
(712,3,11,NULL,1,'V-152',NULL,0,1,NULL,290,89000000,'2023-09-01 10:32:43'),
(713,3,11,NULL,1,'V-153',NULL,0,1,NULL,290,89000000,'2023-09-01 10:32:43'),
(714,3,11,NULL,1,'V-154',NULL,0,1,NULL,290,89000000,'2023-09-01 10:32:43'),
(715,3,11,NULL,1,'V-155',NULL,0,1,NULL,290,89000000,'2023-09-01 10:32:43'),
(716,3,11,NULL,1,'V-156',NULL,0,1,NULL,290,89000000,'2023-09-01 10:32:43'),
(717,3,11,NULL,1,'V-157',NULL,0,1,NULL,290,89000000,'2023-09-01 10:32:43'),
(718,3,11,NULL,1,'V-158',NULL,0,1,NULL,290,89000000,'2023-09-01 10:32:43'),
(719,3,11,NULL,1,'V-159',NULL,0,1,NULL,290,89000000,'2023-09-01 10:32:43'),
(720,3,11,NULL,1,'V-160',NULL,0,1,NULL,290,89000000,'2023-09-01 10:32:43'),
(721,3,11,NULL,1,'V-161',NULL,0,1,NULL,290,89000000,'2023-09-01 10:32:43'),
(722,3,11,NULL,1,'V-162',NULL,0,1,NULL,290,89000000,'2023-09-01 10:32:43'),
(723,3,11,NULL,1,'V-163',NULL,0,1,NULL,290,89000000,'2023-09-01 10:32:43'),
(724,3,11,NULL,1,'V-164',NULL,0,1,NULL,290,89000000,'2023-09-01 10:32:43'),
(725,3,11,NULL,1,'V-165',NULL,0,1,NULL,290,89000000,'2023-09-01 10:32:43'),
(726,3,11,NULL,1,'V-166',NULL,0,1,NULL,290,89000000,'2023-09-01 10:32:43'),
(727,3,11,NULL,1,'V-167',NULL,0,1,NULL,290,89000000,'2023-09-01 10:32:43'),
(728,3,11,NULL,1,'V-168',NULL,0,1,NULL,290,89000000,'2023-09-01 10:32:43'),
(729,3,11,NULL,1,'V-169',NULL,0,1,NULL,290,89000000,'2023-09-01 10:32:43'),
(730,3,11,NULL,1,'V-170',NULL,0,1,NULL,290,89000000,'2023-09-01 10:32:43'),
(731,3,11,NULL,1,'V-171',NULL,0,1,NULL,290,89000000,'2023-09-01 10:32:43'),
(732,3,11,NULL,1,'V-172',NULL,0,1,NULL,290,89000000,'2023-09-01 10:32:43'),
(733,3,11,NULL,1,'V-173',NULL,0,1,NULL,290,89000000,'2023-09-01 10:32:43'),
(734,3,11,NULL,1,'V-174',NULL,0,1,NULL,290,89000000,'2023-09-01 10:32:43'),
(735,3,11,NULL,1,'V-175',NULL,0,1,NULL,290,89000000,'2023-09-01 10:32:43'),
(736,3,11,NULL,1,'V-176',NULL,0,1,NULL,290,89000000,'2023-09-01 10:32:43'),
(737,3,11,NULL,1,'V-177',NULL,0,1,NULL,290,89000000,'2023-09-01 10:32:43'),
(738,3,11,NULL,1,'V-178',NULL,0,1,NULL,290,89000000,'2023-09-01 10:32:43'),
(739,3,11,NULL,1,'V-179',NULL,0,1,NULL,290,89000000,'2023-09-01 10:32:43'),
(740,3,11,NULL,1,'V-180',NULL,0,1,NULL,290,89000000,'2023-09-01 10:32:43'),
(741,3,11,NULL,1,'V-181',NULL,0,1,NULL,290,89000000,'2023-09-01 10:32:43'),
(742,3,11,NULL,1,'V-182',NULL,0,1,NULL,290,89000000,'2023-09-01 10:32:43'),
(743,3,11,NULL,1,'V-183',NULL,0,1,NULL,290,89000000,'2023-09-01 10:32:43'),
(744,3,11,NULL,1,'V-184',NULL,0,1,NULL,290,89000000,'2023-09-01 10:32:43'),
(745,3,11,NULL,1,'V-185',NULL,0,1,NULL,290,89000000,'2023-09-01 10:32:43'),
(746,3,11,NULL,1,'V-186',NULL,0,1,NULL,310,99000000,'2023-09-01 10:32:43'),
(747,3,11,NULL,1,'V-187',NULL,0,1,NULL,310,99000000,'2023-09-01 10:32:43'),
(748,3,11,NULL,1,'V-188',NULL,0,1,NULL,310,99000000,'2023-09-01 10:32:43'),
(749,3,11,NULL,1,'V-189',NULL,0,1,NULL,310,99000000,'2023-09-01 10:32:43'),
(750,3,11,NULL,1,'V-190',NULL,0,1,NULL,310,99000000,'2023-09-01 10:32:43'),
(751,3,11,NULL,1,'V-191',NULL,0,1,NULL,310,99000000,'2023-09-01 10:32:43'),
(752,3,11,NULL,1,'V-192',NULL,0,1,NULL,310,99000000,'2023-09-01 10:32:43'),
(753,3,11,NULL,1,'V-193',NULL,0,1,NULL,310,99000000,'2023-09-01 10:32:43'),
(754,3,11,NULL,1,'V-194',NULL,0,1,NULL,310,99000000,'2023-09-01 10:32:43'),
(755,3,11,NULL,1,'V-195',NULL,0,1,NULL,310,99000000,'2023-09-01 10:32:43'),
(756,3,11,NULL,1,'V-196',NULL,0,1,NULL,310,99000000,'2023-09-01 10:32:43'),
(757,3,11,NULL,1,'V-197',NULL,0,1,NULL,310,99000000,'2023-09-01 10:32:43'),
(758,3,11,NULL,1,'V-198',NULL,0,1,NULL,310,99000000,'2023-09-01 10:32:43'),
(759,3,11,NULL,1,'V-199',NULL,0,1,NULL,310,99000000,'2023-09-01 10:32:43'),
(760,3,11,NULL,1,'V-200',NULL,0,1,NULL,310,99000000,'2023-09-01 10:32:43'),
(761,3,11,NULL,1,'V-201',NULL,0,1,NULL,310,99000000,'2023-09-01 10:32:43'),
(762,3,11,NULL,1,'V-202',NULL,0,1,NULL,310,99000000,'2023-09-01 10:32:43'),
(763,3,11,NULL,1,'V-203',NULL,0,1,NULL,310,99000000,'2023-09-01 10:32:43'),
(764,3,11,NULL,1,'V-204',NULL,0,1,NULL,310,99000000,'2023-09-01 10:32:43'),
(765,3,11,NULL,1,'V-205',NULL,0,1,NULL,310,99000000,'2023-09-01 10:32:43'),
(766,3,11,NULL,1,'V-206',NULL,0,1,NULL,310,99000000,'2023-09-01 10:32:43'),
(767,3,11,NULL,1,'V-207',NULL,0,1,NULL,310,99000000,'2023-09-01 10:32:43'),
(768,3,11,NULL,1,'V-208',NULL,0,1,NULL,310,99000000,'2023-09-01 10:32:43'),
(769,3,11,NULL,1,'V-209',NULL,0,1,NULL,310,99000000,'2023-09-01 10:32:43'),
(770,3,11,NULL,1,'V-210',NULL,0,1,NULL,310,99000000,'2023-09-01 10:32:43'),
(771,3,11,NULL,1,'V-211',NULL,1,3,NULL,310,99000000,'2023-09-01 10:32:43'),
(772,3,11,NULL,1,'V-212',NULL,1,3,NULL,310,99000000,'2023-09-01 10:32:43'),
(773,3,11,NULL,1,'V-213',NULL,1,3,NULL,310,99000000,'2023-09-01 10:32:43'),
(774,3,11,NULL,1,'V-214',NULL,1,3,NULL,310,99000000,'2023-09-01 11:44:18'),
(775,3,11,NULL,1,'V-215',NULL,0,1,NULL,310,99000000,'2023-09-01 10:32:43'),
(776,3,11,NULL,1,'V-216',NULL,0,1,NULL,310,99000000,'2023-09-01 10:32:43'),
(777,3,11,NULL,1,'V-217',NULL,0,1,NULL,310,99000000,'2023-09-01 10:32:43'),
(778,3,11,NULL,1,'V-218',NULL,0,1,NULL,310,99000000,'2023-09-01 10:32:43'),
(779,3,11,NULL,1,'V-219',NULL,0,1,NULL,310,99000000,'2023-09-01 10:32:43'),
(780,3,11,NULL,1,'V-220',NULL,0,1,NULL,310,99000000,'2023-09-01 10:32:43'),
(781,3,11,NULL,1,'V-221',NULL,1,3,NULL,310,99000000,'2023-09-01 10:32:43'),
(782,3,11,NULL,1,'V-222',NULL,1,3,NULL,310,99000000,'2023-09-01 10:32:43'),
(783,3,11,NULL,1,'V-223',NULL,1,3,NULL,310,99000000,'2023-09-01 10:32:43'),
(784,3,11,NULL,1,'V-224',NULL,1,3,NULL,310,99000000,'2023-09-01 10:32:43'),
(785,3,11,NULL,1,'V-225',NULL,1,3,NULL,310,99000000,'2023-09-01 10:32:43'),
(786,3,11,NULL,1,'V-226',NULL,1,3,NULL,310,99000000,'2023-09-01 10:32:43'),
(787,3,11,NULL,1,'V-227',NULL,1,3,NULL,310,99000000,'2023-09-01 10:32:43'),
(788,3,11,NULL,1,'V-228',NULL,1,3,NULL,310,99000000,'2023-09-01 10:32:43'),
(789,3,11,NULL,1,'V-229',NULL,0,1,NULL,310,99000000,'2023-09-01 10:32:43'),
(790,3,11,NULL,1,'V-230',NULL,0,1,NULL,310,99000000,'2023-09-01 10:32:43'),
(791,3,11,NULL,1,'V-231',NULL,0,1,NULL,310,99000000,'2023-09-01 10:32:43'),
(792,3,11,NULL,1,'V-232',NULL,0,1,NULL,310,99000000,'2023-09-01 10:32:43'),
(793,3,11,NULL,1,'V-233',NULL,0,1,NULL,310,99000000,'2023-09-01 10:32:43'),
(794,3,12,NULL,1,'V-233',NULL,0,1,NULL,520,135000000,'2023-09-01 10:32:43'),
(795,3,12,NULL,1,'V-234',NULL,0,1,NULL,520,135000000,'2023-09-01 10:32:43'),
(796,3,12,NULL,1,'V-235',NULL,0,1,NULL,520,135000000,'2023-09-01 10:32:43'),
(797,3,12,NULL,1,'V-236',NULL,0,1,NULL,520,135000000,'2023-09-01 10:32:43'),
(798,3,12,NULL,1,'V-237',NULL,0,1,NULL,520,135000000,'2023-09-01 10:32:43');
/*!40000 ALTER TABLE `cbien` ENABLE KEYS */;
UNLOCK TABLES;

--
-- Table structure for table `cbien_state`
--

DROP TABLE IF EXISTS `cbien_state`;
/*!40101 SET @saved_cs_client     = @@character_set_client */;
/*!40101 SET character_set_client = utf8 */;
CREATE TABLE `cbien_state` (
  `id` int(11) NOT NULL AUTO_INCREMENT,
  `name` varchar(255) NOT NULL,
  `code` varchar(255) NOT NULL,
  `color` varchar(255) NOT NULL,
  PRIMARY KEY (`id`)
) ENGINE=InnoDB AUTO_INCREMENT=5 DEFAULT CHARSET=utf8mb4 COLLATE=utf8mb4_unicode_ci;
/*!40101 SET character_set_client = @saved_cs_client */;

--
-- Dumping data for table `cbien_state`
--

LOCK TABLES `cbien_state` WRITE;
/*!40000 ALTER TABLE `cbien_state` DISABLE KEYS */;
INSERT INTO `cbien_state` VALUES
(1,'Disponible','DIS','#378b29'),
(2,'Reservé','RES','#002050'),
(3,'Vendus','VND','#002050'),
(4,'Livrée','LIV','#673888');
/*!40000 ALTER TABLE `cbien_state` ENABLE KEYS */;
UNLOCK TABLES;

--
-- Table structure for table `cbien_state_history`
--

DROP TABLE IF EXISTS `cbien_state_history`;
/*!40101 SET @saved_cs_client     = @@character_set_client */;
/*!40101 SET character_set_client = utf8 */;
CREATE TABLE `cbien_state_history` (
  `id` int(11) NOT NULL AUTO_INCREMENT,
  `state_id` int(11) DEFAULT NULL,
  `bien_id` int(11) DEFAULT NULL,
  `employee_id` int(11) DEFAULT NULL,
  `text` varchar(255) NOT NULL,
  `date_add` datetime NOT NULL,
  PRIMARY KEY (`id`),
  KEY `IDX_11FA9BF95D83CC1` (`state_id`),
  KEY `IDX_11FA9BF9BD95B80F` (`bien_id`),
  KEY `IDX_11FA9BF98C03F15C` (`employee_id`),
  CONSTRAINT `FK_11FA9BF95D83CC1` FOREIGN KEY (`state_id`) REFERENCES `cbien_state` (`id`),
  CONSTRAINT `FK_11FA9BF98C03F15C` FOREIGN KEY (`employee_id`) REFERENCES `employee` (`id`),
  CONSTRAINT `FK_11FA9BF9BD95B80F` FOREIGN KEY (`bien_id`) REFERENCES `cbien` (`id`)
) ENGINE=InnoDB DEFAULT CHARSET=utf8mb4 COLLATE=utf8mb4_unicode_ci;
/*!40101 SET character_set_client = @saved_cs_client */;

--
-- Dumping data for table `cbien_state_history`
--

LOCK TABLES `cbien_state_history` WRITE;
/*!40000 ALTER TABLE `cbien_state_history` DISABLE KEYS */;
/*!40000 ALTER TABLE `cbien_state_history` ENABLE KEYS */;
UNLOCK TABLES;

--
-- Table structure for table `cbuiliding`
--

DROP TABLE IF EXISTS `cbuiliding`;
/*!40101 SET @saved_cs_client     = @@character_set_client */;
/*!40101 SET character_set_client = utf8 */;
CREATE TABLE `cbuiliding` (
  `id` int(11) NOT NULL AUTO_INCREMENT,
  `project_id` int(11) DEFAULT NULL,
  `name` varchar(255) NOT NULL,
  PRIMARY KEY (`id`),
  KEY `IDX_61AF10D1166D1F9C` (`project_id`),
  CONSTRAINT `FK_61AF10D1166D1F9C` FOREIGN KEY (`project_id`) REFERENCES `cproject` (`id`)
) ENGINE=InnoDB AUTO_INCREMENT=31 DEFAULT CHARSET=utf8mb4 COLLATE=utf8mb4_unicode_ci;
/*!40101 SET character_set_client = @saved_cs_client */;

--
-- Dumping data for table `cbuiliding`
--

LOCK TABLES `cbuiliding` WRITE;
/*!40000 ALTER TABLE `cbuiliding` DISABLE KEYS */;
INSERT INTO `cbuiliding` VALUES
(1,1,'Bt A01'),
(2,1,'Bt A02'),
(3,1,'Bt A03'),
(4,1,'Bt A04'),
(5,1,'Bt A05'),
(6,1,'Bt A06'),
(7,1,'Bt B01'),
(8,1,'Bt B02'),
(9,1,'Bt B03'),
(10,1,'Bt B04'),
(11,1,'Bt B05'),
(12,1,'Bt B06'),
(13,1,'Bt C01'),
(14,1,'Bt C02'),
(15,1,'Bt C03'),
(16,1,'Bt C04'),
(17,1,'Bt C05'),
(18,1,'Bt C06'),
(19,1,'Bt D01'),
(20,1,'Bt D02'),
(21,1,'Bt D03'),
(22,1,'Bt D04'),
(23,1,'Bt D05'),
(24,1,'Bt D06'),
(25,1,'Bt E01'),
(26,1,'Bt E02'),
(27,1,'Bt E03'),
(28,1,'Bt E04'),
(29,1,'Bt E05'),
(30,1,'Bt E06');
/*!40000 ALTER TABLE `cbuiliding` ENABLE KEYS */;
UNLOCK TABLES;

--
-- Table structure for table `cformat_bien`
--

DROP TABLE IF EXISTS `cformat_bien`;
/*!40101 SET @saved_cs_client     = @@character_set_client */;
/*!40101 SET character_set_client = utf8 */;
CREATE TABLE `cformat_bien` (
  `id` int(11) NOT NULL AUTO_INCREMENT,
  `name` varchar(255) NOT NULL,
  `type_id` int(11) DEFAULT NULL,
  `thumb` varchar(255) DEFAULT NULL,
  `image` varchar(255) DEFAULT NULL,
  `is_active` tinyint(1) NOT NULL,
  `text` longtext NOT NULL,
  `price` int(11) NOT NULL,
  `area` int(11) NOT NULL,
  `slug` varchar(255) NOT NULL,
  `project_id` int(11) DEFAULT NULL,
  `nbrbedrooms` int(11) DEFAULT NULL,
  `nbrbathrooms` int(11) DEFAULT NULL,
  `is_piscine` tinyint(1) NOT NULL,
  `is_garage` tinyint(1) NOT NULL,
  `is_garden` tinyint(1) NOT NULL,
  `floor_plan` varchar(255) DEFAULT NULL,
  PRIMARY KEY (`id`),
  KEY `IDX_4AB7692EC54C8C93` (`type_id`),
  KEY `IDX_4AB7692E166D1F9C` (`project_id`),
  CONSTRAINT `FK_4AB7692E166D1F9C` FOREIGN KEY (`project_id`) REFERENCES `cproject` (`id`),
  CONSTRAINT `FK_4AB7692EC54C8C93` FOREIGN KEY (`type_id`) REFERENCES `ctype_bien` (`id`)
) ENGINE=InnoDB AUTO_INCREMENT=13 DEFAULT CHARSET=utf8mb4 COLLATE=utf8mb4_unicode_ci;
/*!40101 SET character_set_client = @saved_cs_client */;

--
-- Dumping data for table `cformat_bien`
--

LOCK TABLES `cformat_bien` WRITE;
/*!40000 ALTER TABLE `cformat_bien` DISABLE KEYS */;
INSERT INTO `cformat_bien` VALUES
(1,'F3 T1',1,'Appartement-F3-T1-64eb7839410c3.jpg','SLIDE-6-64eb78393ffd4.jpg',1,'<h3>Découvrez votre futur chez-vous au cœur d\'une résidence d\'exception !</h3\n<p>\nNiché dans une résidence privilégiée, ce logement de type F3 s\'étend sur une surface généreuse de 103 mètres carrés. Il vous promet confort, luxe et sérénité. Doté de deux spacieuses chambres et d\'un salon lumineux, il est idéalement conçu pour garantir un cadre de vie chaleureux et moderne.</p>\n<p>\nLaissez-vous séduire par la vue imprenable sur la mer que vous offre cet appartement. Imaginez-vous chaque matin, contemplant l\'horizon, le doux clapotis des vagues comme musique de fond.</p><p>\n\nLa résidence, sécurisée et clôturée, ouvre les portes d\'un véritable havre de paix. Un accès privé vous conduit directement à une plage immaculée, où des douches gratuites sont à votre disposition. Vous bénéficierez non seulement d\'un cadre idyllique pour vos baignades, mais également d\'un espace de détente supervisé pour garantir votre tranquillité.</p><p>\n\nPensez aux journées ensoleillées où vous pourrez profiter des animations proposées, vous restaurer dans l\'un des délicieux points de restauration de la résidence ou simplement vous prélasser sous le soleil méditerranéen.</p><p>\n\nPour les amateurs de sport, une salle de gym équipée est mise à votre disposition, permettant de conjuguer bien-être physique et mental. La résidence dispose également d\'un parking spacieux, soulageant ainsi tous vos soucis de stationnement.\n</p><p>\nEn choisissant cet appartement, vous optez non seulement pour un logement d\'exception, mais également pour un mode de vie résolument tourné vers le confort, la détente et le plaisir.\n</p><p>\nNe manquez pas cette opportunité unique de vivre là où d\'autres rêveraient de passer leurs vacances. Venez découvrir ce petit bijou, et laissez-vous charmer par le potentiel d\'un appartement vendu sur plan, gage de modernité et de personnalisation.</p>',13500000,99,'F3-T1',1,3,1,0,0,0,'stanford-studio-s2-64eb7839411c0.webp'),
(2,'F3 T2',1,'Appartement-F3-T2-64f1aca31351e.jpg','SLIDE-2-64f1aca31292e.jpg',1,'<h3>Découvrez votre futur chez-vous au cœur d\'une résidence d\'exception !</h3\r\n<p>\r\nNiché dans une résidence privilégiée, ce logement de type F3 s\'étend sur une surface généreuse de 103 mètres carrés. Il vous promet confort, luxe et sérénité. Doté de deux spacieuses chambres et d\'un salon lumineux, il est idéalement conçu pour garantir un cadre de vie chaleureux et moderne.</p>\r\n<p>\r\nLaissez-vous séduire par la vue imprenable sur la mer que vous offre cet appartement. Imaginez-vous chaque matin, contemplant l\'horizon, le doux clapotis des vagues comme musique de fond.</p><p>\r\n\r\nLa résidence, sécurisée et clôturée, ouvre les portes d\'un véritable havre de paix. Un accès privé vous conduit directement à une plage immaculée, où des douches gratuites sont à votre disposition. Vous bénéficierez non seulement d\'un cadre idyllique pour vos baignades, mais également d\'un espace de détente supervisé pour garantir votre tranquillité.</p><p>\r\n\r\nPensez aux journées ensoleillées où vous pourrez profiter des animations proposées, vous restaurer dans l\'un des délicieux points de restauration de la résidence ou simplement vous prélasser sous le soleil méditerranéen.</p><p>\r\n\r\nPour les amateurs de sport, une salle de gym équipée est mise à votre disposition, permettant de conjuguer bien-être physique et mental. La résidence dispose également d\'un parking spacieux, soulageant ainsi tous vos soucis de stationnement.\r\n</p><p>\r\nEn choisissant cet appartement, vous optez non seulement pour un logement d\'exception, mais également pour un mode de vie résolument tourné vers le confort, la détente et le plaisir.\r\n</p><p>\r\nNe manquez pas cette opportunité unique de vivre là où d\'autres rêveraient de passer leurs vacances. Venez découvrir ce petit bijou, et laissez-vous charmer par le potentiel d\'un appartement vendu sur plan, gage de modernité et de personnalisation.</p>',14800000,103,'F3-T2',1,3,1,0,0,0,'Plan-64f1aca313626.webp'),
(3,'F3 T3',1,'Appartement-F3-T3-64f1acbd69e18.jpg','SLIDE-6-64eb80c127323.jpg',1,'<h3>Découvrez votre futur chez-vous au cœur d\'une résidence d\'exception !</h3\r\n<p>\r\nNiché dans une résidence privilégiée, ce logement de type F3 s\'étend sur une surface généreuse de 103 mètres carrés. Il vous promet confort, luxe et sérénité. Doté de deux spacieuses chambres et d\'un salon lumineux, il est idéalement conçu pour garantir un cadre de vie chaleureux et moderne.</p>\r\n<p>\r\nLaissez-vous séduire par la vue imprenable sur la mer que vous offre cet appartement. Imaginez-vous chaque matin, contemplant l\'horizon, le doux clapotis des vagues comme musique de fond.</p><p>\r\n\r\nLa résidence, sécurisée et clôturée, ouvre les portes d\'un véritable havre de paix. Un accès privé vous conduit directement à une plage immaculée, où des douches gratuites sont à votre disposition. Vous bénéficierez non seulement d\'un cadre idyllique pour vos baignades, mais également d\'un espace de détente supervisé pour garantir votre tranquillité.</p><p>\r\n\r\nPensez aux journées ensoleillées où vous pourrez profiter des animations proposées, vous restaurer dans l\'un des délicieux points de restauration de la résidence ou simplement vous prélasser sous le soleil méditerranéen.</p><p>\r\n\r\nPour les amateurs de sport, une salle de gym équipée est mise à votre disposition, permettant de conjuguer bien-être physique et mental. La résidence dispose également d\'un parking spacieux, soulageant ainsi tous vos soucis de stationnement.\r\n</p><p>\r\nEn choisissant cet appartement, vous optez non seulement pour un logement d\'exception, mais également pour un mode de vie résolument tourné vers le confort, la détente et le plaisir.\r\n</p><p>\r\nNe manquez pas cette opportunité unique de vivre là où d\'autres rêveraient de passer leurs vacances. Venez découvrir ce petit bijou, et laissez-vous charmer par le potentiel d\'un appartement vendu sur plan, gage de modernité et de personnalisation.</p>',17800000,118,'F3-T3',1,3,1,0,0,0,'Plan-64eb7ea37c146.webp'),
(4,'F4 T1',1,'Appartement-F4-T1-64f1accda2900.jpg','SLIDE-6-64eb78da27a5a.jpg',1,'<h3>Découvrez votre futur chez-vous au cœur d\'une résidence d\'exception !</h3\r\n<p>\r\nNiché dans une résidence privilégiée, ce logement de type F3 s\'étend sur une surface généreuse de 103 mètres carrés. Il vous promet confort, luxe et sérénité. Doté de deux spacieuses chambres et d\'un salon lumineux, il est idéalement conçu pour garantir un cadre de vie chaleureux et moderne.</p>\r\n<p>\r\nLaissez-vous séduire par la vue imprenable sur la mer que vous offre cet appartement. Imaginez-vous chaque matin, contemplant l\'horizon, le doux clapotis des vagues comme musique de fond.</p><p>\r\n\r\nLa résidence, sécurisée et clôturée, ouvre les portes d\'un véritable havre de paix. Un accès privé vous conduit directement à une plage immaculée, où des douches gratuites sont à votre disposition. Vous bénéficierez non seulement d\'un cadre idyllique pour vos baignades, mais également d\'un espace de détente supervisé pour garantir votre tranquillité.</p><p>\r\n\r\nPensez aux journées ensoleillées où vous pourrez profiter des animations proposées, vous restaurer dans l\'un des délicieux points de restauration de la résidence ou simplement vous prélasser sous le soleil méditerranéen.</p><p>\r\n\r\nPour les amateurs de sport, une salle de gym équipée est mise à votre disposition, permettant de conjuguer bien-être physique et mental. La résidence dispose également d\'un parking spacieux, soulageant ainsi tous vos soucis de stationnement.\r\n</p><p>\r\nEn choisissant cet appartement, vous optez non seulement pour un logement d\'exception, mais également pour un mode de vie résolument tourné vers le confort, la détente et le plaisir.\r\n</p><p>\r\nNe manquez pas cette opportunité unique de vivre là où d\'autres rêveraient de passer leurs vacances. Venez découvrir ce petit bijou, et laissez-vous charmer par le potentiel d\'un appartement vendu sur plan, gage de modernité et de personnalisation.</p>',19900000,131,'F4-T1',1,4,1,0,0,0,'stanford-studio-s2-64eb78da281d7.webp'),
(5,'F4 T2',1,'Appartement-F4-T2-64f1acd841d0c.jpg','SLIDE-2-64eb7ea37b805.jpg',1,'<h3>Découvrez votre futur chez-vous au cœur d\'une résidence d\'exception !</h3\r\n<p>\r\nNiché dans une résidence privilégiée, ce logement de type F3 s\'étend sur une surface généreuse de 103 mètres carrés. Il vous promet confort, luxe et sérénité. Doté de deux spacieuses chambres et d\'un salon lumineux, il est idéalement conçu pour garantir un cadre de vie chaleureux et moderne.</p>\r\n<p>\r\nLaissez-vous séduire par la vue imprenable sur la mer que vous offre cet appartement. Imaginez-vous chaque matin, contemplant l\'horizon, le doux clapotis des vagues comme musique de fond.</p><p>\r\n\r\nLa résidence, sécurisée et clôturée, ouvre les portes d\'un véritable havre de paix. Un accès privé vous conduit directement à une plage immaculée, où des douches gratuites sont à votre disposition. Vous bénéficierez non seulement d\'un cadre idyllique pour vos baignades, mais également d\'un espace de détente supervisé pour garantir votre tranquillité.</p><p>\r\n\r\nPensez aux journées ensoleillées où vous pourrez profiter des animations proposées, vous restaurer dans l\'un des délicieux points de restauration de la résidence ou simplement vous prélasser sous le soleil méditerranéen.</p><p>\r\n\r\nPour les amateurs de sport, une salle de gym équipée est mise à votre disposition, permettant de conjuguer bien-être physique et mental. La résidence dispose également d\'un parking spacieux, soulageant ainsi tous vos soucis de stationnement.\r\n</p><p>\r\nEn choisissant cet appartement, vous optez non seulement pour un logement d\'exception, mais également pour un mode de vie résolument tourné vers le confort, la détente et le plaisir.\r\n</p><p>\r\nNe manquez pas cette opportunité unique de vivre là où d\'autres rêveraient de passer leurs vacances. Venez découvrir ce petit bijou, et laissez-vous charmer par le potentiel d\'un appartement vendu sur plan, gage de modernité et de personnalisation.</p>',24800000,144,'F4-T2',1,4,2,0,0,0,'Plan-64eb7ea37c146.webp'),
(6,'F4 T3',1,'Appartement-F4-T3-64f1ace4691a4.jpg','SLIDE-2-64eb7ea37b805.jpg',1,'<h3>Découvrez votre futur chez-vous au cœur d\'une résidence d\'exception !</h3\r\n<p>\r\nNiché dans une résidence privilégiée, ce logement de type F3 s\'étend sur une surface généreuse de 103 mètres carrés. Il vous promet confort, luxe et sérénité. Doté de deux spacieuses chambres et d\'un salon lumineux, il est idéalement conçu pour garantir un cadre de vie chaleureux et moderne.</p>\r\n<p>\r\nLaissez-vous séduire par la vue imprenable sur la mer que vous offre cet appartement. Imaginez-vous chaque matin, contemplant l\'horizon, le doux clapotis des vagues comme musique de fond.</p><p>\r\n\r\nLa résidence, sécurisée et clôturée, ouvre les portes d\'un véritable havre de paix. Un accès privé vous conduit directement à une plage immaculée, où des douches gratuites sont à votre disposition. Vous bénéficierez non seulement d\'un cadre idyllique pour vos baignades, mais également d\'un espace de détente supervisé pour garantir votre tranquillité.</p><p>\r\n\r\nPensez aux journées ensoleillées où vous pourrez profiter des animations proposées, vous restaurer dans l\'un des délicieux points de restauration de la résidence ou simplement vous prélasser sous le soleil méditerranéen.</p><p>\r\n\r\nPour les amateurs de sport, une salle de gym équipée est mise à votre disposition, permettant de conjuguer bien-être physique et mental. La résidence dispose également d\'un parking spacieux, soulageant ainsi tous vos soucis de stationnement.\r\n</p><p>\r\nEn choisissant cet appartement, vous optez non seulement pour un logement d\'exception, mais également pour un mode de vie résolument tourné vers le confort, la détente et le plaisir.\r\n</p><p>\r\nNe manquez pas cette opportunité unique de vivre là où d\'autres rêveraient de passer leurs vacances. Venez découvrir ce petit bijou, et laissez-vous charmer par le potentiel d\'un appartement vendu sur plan, gage de modernité et de personnalisation.</p>',16800000,151,'F4-T3',1,4,2,0,1,1,'Plan-64eb7ea37c146.webp'),
(7,'F5',1,'Appartement-F5-64f1acef0d798.jpg','SLIDE-2-64eb7ea37b805.jpg',1,'<h3>Découvrez votre futur chez-vous au cœur d\'une résidence d\'exception !</h3\r\n<p>\r\nNiché dans une résidence privilégiée, ce logement de type F3 s\'étend sur une surface généreuse de 103 mètres carrés. Il vous promet confort, luxe et sérénité. Doté de deux spacieuses chambres et d\'un salon lumineux, il est idéalement conçu pour garantir un cadre de vie chaleureux et moderne.</p>\r\n<p>\r\nLaissez-vous séduire par la vue imprenable sur la mer que vous offre cet appartement. Imaginez-vous chaque matin, contemplant l\'horizon, le doux clapotis des vagues comme musique de fond.</p><p>\r\n\r\nLa résidence, sécurisée et clôturée, ouvre les portes d\'un véritable havre de paix. Un accès privé vous conduit directement à une plage immaculée, où des douches gratuites sont à votre disposition. Vous bénéficierez non seulement d\'un cadre idyllique pour vos baignades, mais également d\'un espace de détente supervisé pour garantir votre tranquillité.</p><p>\r\n\r\nPensez aux journées ensoleillées où vous pourrez profiter des animations proposées, vous restaurer dans l\'un des délicieux points de restauration de la résidence ou simplement vous prélasser sous le soleil méditerranéen.</p><p>\r\n\r\nPour les amateurs de sport, une salle de gym équipée est mise à votre disposition, permettant de conjuguer bien-être physique et mental. La résidence dispose également d\'un parking spacieux, soulageant ainsi tous vos soucis de stationnement.\r\n</p><p>\r\nEn choisissant cet appartement, vous optez non seulement pour un logement d\'exception, mais également pour un mode de vie résolument tourné vers le confort, la détente et le plaisir.\r\n</p><p>\r\nNe manquez pas cette opportunité unique de vivre là où d\'autres rêveraient de passer leurs vacances. Venez découvrir ce petit bijou, et laissez-vous charmer par le potentiel d\'un appartement vendu sur plan, gage de modernité et de personnalisation.</p>',31800000,167,'F5',1,5,2,1,1,1,'Plan-64eb7ea37c146.webp'),
(8,'Villa T1',3,'Villa-T1-64f1acf71250f.jpg','SLIDE-8-64eb8446c066a.jpg',1,'<h3>Découvrez votre futur chez-vous au cœur d\'une résidence d\'exception !</h3\r\n<p>\r\nNiché dans une résidence privilégiée, ce logement de type F3 s\'étend sur une surface généreuse de 103 mètres carrés. Il vous promet confort, luxe et sérénité. Doté de deux spacieuses chambres et d\'un salon lumineux, il est idéalement conçu pour garantir un cadre de vie chaleureux et moderne.</p>\r\n<p>\r\nLaissez-vous séduire par la vue imprenable sur la mer que vous offre cet appartement. Imaginez-vous chaque matin, contemplant l\'horizon, le doux clapotis des vagues comme musique de fond.</p><p>\r\n\r\nLa résidence, sécurisée et clôturée, ouvre les portes d\'un véritable havre de paix. Un accès privé vous conduit directement à une plage immaculée, où des douches gratuites sont à votre disposition. Vous bénéficierez non seulement d\'un cadre idyllique pour vos baignades, mais également d\'un espace de détente supervisé pour garantir votre tranquillité.</p><p>\r\n\r\nPensez aux journées ensoleillées où vous pourrez profiter des animations proposées, vous restaurer dans l\'un des délicieux points de restauration de la résidence ou simplement vous prélasser sous le soleil méditerranéen.</p><p>\r\n\r\nPour les amateurs de sport, une salle de gym équipée est mise à votre disposition, permettant de conjuguer bien-être physique et mental. La résidence dispose également d\'un parking spacieux, soulageant ainsi tous vos soucis de stationnement.\r\n</p><p>\r\nEn choisissant cet appartement, vous optez non seulement pour un logement d\'exception, mais également pour un mode de vie résolument tourné vers le confort, la détente et le plaisir.\r\n</p><p>\r\nNe manquez pas cette opportunité unique de vivre là où d\'autres rêveraient de passer leurs vacances. Venez découvrir ce petit bijou, et laissez-vous charmer par le potentiel d\'un appartement vendu sur plan, gage de modernité et de personnalisation.</p>',55000000,198,'Villa-T1',1,4,1,0,1,1,'VillaPlan-64eb8446c1270.jpg'),
(9,'Villa T2',3,'Villa-T2-64f1acfe947fc.jpg','SLIDE-9-64eb847ec4dca.jpg',1,'<h3>Découvrez votre futur chez-vous au cœur d\'une résidence d\'exception !</h3\r\n<p>\r\nNiché dans une résidence privilégiée, ce logement de type F3 s\'étend sur une surface généreuse de 103 mètres carrés. Il vous promet confort, luxe et sérénité. Doté de deux spacieuses chambres et d\'un salon lumineux, il est idéalement conçu pour garantir un cadre de vie chaleureux et moderne.</p>\r\n<p>\r\nLaissez-vous séduire par la vue imprenable sur la mer que vous offre cet appartement. Imaginez-vous chaque matin, contemplant l\'horizon, le doux clapotis des vagues comme musique de fond.</p><p>\r\n\r\nLa résidence, sécurisée et clôturée, ouvre les portes d\'un véritable havre de paix. Un accès privé vous conduit directement à une plage immaculée, où des douches gratuites sont à votre disposition. Vous bénéficierez non seulement d\'un cadre idyllique pour vos baignades, mais également d\'un espace de détente supervisé pour garantir votre tranquillité.</p><p>\r\n\r\nPensez aux journées ensoleillées où vous pourrez profiter des animations proposées, vous restaurer dans l\'un des délicieux points de restauration de la résidence ou simplement vous prélasser sous le soleil méditerranéen.</p><p>\r\n\r\nPour les amateurs de sport, une salle de gym équipée est mise à votre disposition, permettant de conjuguer bien-être physique et mental. La résidence dispose également d\'un parking spacieux, soulageant ainsi tous vos soucis de stationnement.\r\n</p><p>\r\nEn choisissant cet appartement, vous optez non seulement pour un logement d\'exception, mais également pour un mode de vie résolument tourné vers le confort, la détente et le plaisir.\r\n</p><p>\r\nNe manquez pas cette opportunité unique de vivre là où d\'autres rêveraient de passer leurs vacances. Venez découvrir ce petit bijou, et laissez-vous charmer par le potentiel d\'un appartement vendu sur plan, gage de modernité et de personnalisation.</p>',65000000,211,'Villa-T2',1,4,2,0,1,1,'VillaPlan-64eb847ec5506.jpg'),
(10,'Villa T3',3,'Villa-T3-64f1ad073e039.jpg','SLIDE-5-64eb84c7a91d7.jpg',1,'<h3>Découvrez votre futur chez-vous au cœur d\'une résidence d\'exception !</h3\r\n<p>\r\nNiché dans une résidence privilégiée, ce logement de type F3 s\'étend sur une surface généreuse de 103 mètres carrés. Il vous promet confort, luxe et sérénité. Doté de deux spacieuses chambres et d\'un salon lumineux, il est idéalement conçu pour garantir un cadre de vie chaleureux et moderne.</p>\r\n<p>\r\nLaissez-vous séduire par la vue imprenable sur la mer que vous offre cet appartement. Imaginez-vous chaque matin, contemplant l\'horizon, le doux clapotis des vagues comme musique de fond.</p><p>\r\n\r\nLa résidence, sécurisée et clôturée, ouvre les portes d\'un véritable havre de paix. Un accès privé vous conduit directement à une plage immaculée, où des douches gratuites sont à votre disposition. Vous bénéficierez non seulement d\'un cadre idyllique pour vos baignades, mais également d\'un espace de détente supervisé pour garantir votre tranquillité.</p><p>\r\n\r\nPensez aux journées ensoleillées où vous pourrez profiter des animations proposées, vous restaurer dans l\'un des délicieux points de restauration de la résidence ou simplement vous prélasser sous le soleil méditerranéen.</p><p>\r\n\r\nPour les amateurs de sport, une salle de gym équipée est mise à votre disposition, permettant de conjuguer bien-être physique et mental. La résidence dispose également d\'un parking spacieux, soulageant ainsi tous vos soucis de stationnement.\r\n</p><p>\r\nEn choisissant cet appartement, vous optez non seulement pour un logement d\'exception, mais également pour un mode de vie résolument tourné vers le confort, la détente et le plaisir.\r\n</p><p>\r\nNe manquez pas cette opportunité unique de vivre là où d\'autres rêveraient de passer leurs vacances. Venez découvrir ce petit bijou, et laissez-vous charmer par le potentiel d\'un appartement vendu sur plan, gage de modernité et de personnalisation.</p>',85000000,255,'Villa-T3',1,5,2,1,1,1,'VillaPlan-64eb84c7a98fe.jpg'),
(11,'Villa T4',3,'Villa-T4-64f1ad11ef37d.jpg','SLIDE-2-64eb7ea37b805.jpg',1,'<h3>Découvrez votre futur chez-vous au cœur d\'une résidence d\'exception !</h3\r\n<p>\r\nNiché dans une résidence privilégiée, ce logement de type F3 s\'étend sur une surface généreuse de 103 mètres carrés. Il vous promet confort, luxe et sérénité. Doté de deux spacieuses chambres et d\'un salon lumineux, il est idéalement conçu pour garantir un cadre de vie chaleureux et moderne.</p>\r\n<p>\r\nLaissez-vous séduire par la vue imprenable sur la mer que vous offre cet appartement. Imaginez-vous chaque matin, contemplant l\'horizon, le doux clapotis des vagues comme musique de fond.</p><p>\r\n\r\nLa résidence, sécurisée et clôturée, ouvre les portes d\'un véritable havre de paix. Un accès privé vous conduit directement à une plage immaculée, où des douches gratuites sont à votre disposition. Vous bénéficierez non seulement d\'un cadre idyllique pour vos baignades, mais également d\'un espace de détente supervisé pour garantir votre tranquillité.</p><p>\r\n\r\nPensez aux journées ensoleillées où vous pourrez profiter des animations proposées, vous restaurer dans l\'un des délicieux points de restauration de la résidence ou simplement vous prélasser sous le soleil méditerranéen.</p><p>\r\n\r\nPour les amateurs de sport, une salle de gym équipée est mise à votre disposition, permettant de conjuguer bien-être physique et mental. La résidence dispose également d\'un parking spacieux, soulageant ainsi tous vos soucis de stationnement.\r\n</p><p>\r\nEn choisissant cet appartement, vous optez non seulement pour un logement d\'exception, mais également pour un mode de vie résolument tourné vers le confort, la détente et le plaisir.\r\n</p><p>\r\nNe manquez pas cette opportunité unique de vivre là où d\'autres rêveraient de passer leurs vacances. Venez découvrir ce petit bijou, et laissez-vous charmer par le potentiel d\'un appartement vendu sur plan, gage de modernité et de personnalisation.</p>',98000000,300,'Villa-T4',1,6,2,1,1,1,'VillaPlan-64eb84f88fe5d.jpg'),
(12,'Villa Spéciale',3,'Villa-Speciale-64f1ad199e9bd.jpg','SLIDE-1-64eb853d04051.jpg',1,'<h3>Découvrez votre futur chez-vous au cœur d\'une résidence d\'exception !</h3\r\n<p>\r\nNiché dans une résidence privilégiée, ce logement de type F3 s\'étend sur une surface généreuse de 103 mètres carrés. Il vous promet confort, luxe et sérénité. Doté de deux spacieuses chambres et d\'un salon lumineux, il est idéalement conçu pour garantir un cadre de vie chaleureux et moderne.</p>\r\n<p>\r\nLaissez-vous séduire par la vue imprenable sur la mer que vous offre cet appartement. Imaginez-vous chaque matin, contemplant l\'horizon, le doux clapotis des vagues comme musique de fond.</p><p>\r\n\r\nLa résidence, sécurisée et clôturée, ouvre les portes d\'un véritable havre de paix. Un accès privé vous conduit directement à une plage immaculée, où des douches gratuites sont à votre disposition. Vous bénéficierez non seulement d\'un cadre idyllique pour vos baignades, mais également d\'un espace de détente supervisé pour garantir votre tranquillité.</p><p>\r\n\r\nPensez aux journées ensoleillées où vous pourrez profiter des animations proposées, vous restaurer dans l\'un des délicieux points de restauration de la résidence ou simplement vous prélasser sous le soleil méditerranéen.</p><p>\r\n\r\nPour les amateurs de sport, une salle de gym équipée est mise à votre disposition, permettant de conjuguer bien-être physique et mental. La résidence dispose également d\'un parking spacieux, soulageant ainsi tous vos soucis de stationnement.\r\n</p><p>\r\nEn choisissant cet appartement, vous optez non seulement pour un logement d\'exception, mais également pour un mode de vie résolument tourné vers le confort, la détente et le plaisir.\r\n</p><p>\r\nNe manquez pas cette opportunité unique de vivre là où d\'autres rêveraient de passer leurs vacances. Venez découvrir ce petit bijou, et laissez-vous charmer par le potentiel d\'un appartement vendu sur plan, gage de modernité et de personnalisation.</p>',120000000,480,'Villa-Speciale',1,9,2,1,1,1,'VillaPlan-64eb853d04c82.jpg');
/*!40000 ALTER TABLE `cformat_bien` ENABLE KEYS */;
UNLOCK TABLES;

--
-- Table structure for table `charge_history`
--

DROP TABLE IF EXISTS `charge_history`;
/*!40101 SET @saved_cs_client     = @@character_set_client */;
/*!40101 SET character_set_client = utf8 */;
CREATE TABLE `charge_history` (
  `id` int(11) NOT NULL AUTO_INCREMENT,
  `type_id` int(11) DEFAULT NULL,
  `employee_id` int(11) DEFAULT NULL,
  `total` int(11) NOT NULL,
  `date_add` datetime NOT NULL,
  `is_valid` tinyint(1) NOT NULL,
  `is_deleted` tinyint(1) NOT NULL,
  `compte_id` int(11) DEFAULT NULL,
  `label` varchar(255) DEFAULT NULL,
  `note` longtext DEFAULT NULL,
  PRIMARY KEY (`id`),
  KEY `IDX_735184EEC54C8C93` (`type_id`),
  KEY `IDX_735184EE8C03F15C` (`employee_id`),
  KEY `IDX_735184EEF2C56620` (`compte_id`),
  CONSTRAINT `FK_735184EE8C03F15C` FOREIGN KEY (`employee_id`) REFERENCES `employee` (`id`),
  CONSTRAINT `FK_735184EEC54C8C93` FOREIGN KEY (`type_id`) REFERENCES `charge_type` (`id`),
  CONSTRAINT `FK_735184EEF2C56620` FOREIGN KEY (`compte_id`) REFERENCES `compte` (`id`)
) ENGINE=InnoDB DEFAULT CHARSET=utf8mb4 COLLATE=utf8mb4_unicode_ci;
/*!40101 SET character_set_client = @saved_cs_client */;

--
-- Dumping data for table `charge_history`
--

LOCK TABLES `charge_history` WRITE;
/*!40000 ALTER TABLE `charge_history` DISABLE KEYS */;
/*!40000 ALTER TABLE `charge_history` ENABLE KEYS */;
UNLOCK TABLES;

--
-- Table structure for table `charge_type`
--

DROP TABLE IF EXISTS `charge_type`;
/*!40101 SET @saved_cs_client     = @@character_set_client */;
/*!40101 SET character_set_client = utf8 */;
CREATE TABLE `charge_type` (
  `id` int(11) NOT NULL AUTO_INCREMENT,
  `name` varchar(255) NOT NULL,
  `code` varchar(255) NOT NULL,
  `color` varchar(255) NOT NULL,
  PRIMARY KEY (`id`)
) ENGINE=InnoDB AUTO_INCREMENT=6 DEFAULT CHARSET=utf8mb4 COLLATE=utf8mb4_unicode_ci;
/*!40101 SET character_set_client = @saved_cs_client */;

--
-- Dumping data for table `charge_type`
--

LOCK TABLES `charge_type` WRITE;
/*!40000 ALTER TABLE `charge_type` DISABLE KEYS */;
INSERT INTO `charge_type` VALUES
(1,'Consommable','CON','#378b29'),
(2,'Équipement','EQI','#ff7878'),
(3,'Salaires','SAL','#002050'),
(4,'Projet','PRO','#f57323'),
(5,'Charges fixe','FIX','#1160b7');
/*!40000 ALTER TABLE `charge_type` ENABLE KEYS */;
UNLOCK TABLES;

--
-- Table structure for table `comment`
--

DROP TABLE IF EXISTS `comment`;
/*!40101 SET @saved_cs_client     = @@character_set_client */;
/*!40101 SET character_set_client = utf8 */;
CREATE TABLE `comment` (
  `id` int(11) NOT NULL AUTO_INCREMENT,
  `interaction_id` int(11) DEFAULT NULL,
  `employee_id` int(11) DEFAULT NULL,
  `text` varchar(500) NOT NULL,
  `date_add` datetime NOT NULL,
  `is_deleted` tinyint(1) NOT NULL,
  PRIMARY KEY (`id`),
  KEY `IDX_9474526C886DEE8F` (`interaction_id`),
  KEY `IDX_9474526C8C03F15C` (`employee_id`),
  CONSTRAINT `FK_9474526C886DEE8F` FOREIGN KEY (`interaction_id`) REFERENCES `interaction_history` (`id`),
  CONSTRAINT `FK_9474526C8C03F15C` FOREIGN KEY (`employee_id`) REFERENCES `employee` (`id`)
) ENGINE=InnoDB AUTO_INCREMENT=5 DEFAULT CHARSET=utf8mb4 COLLATE=utf8mb4_unicode_ci;
/*!40101 SET character_set_client = @saved_cs_client */;

--
-- Dumping data for table `comment`
--

LOCK TABLES `comment` WRITE;
/*!40000 ALTER TABLE `comment` DISABLE KEYS */;
INSERT INTO `comment` VALUES
(1,312,2,'Helloo ','2023-09-01 21:36:14',0),
(2,195,2,'Demo link','2023-09-05 08:31:26',0),
(3,194,2,'Rappelle le dimanche ','2023-09-05 08:31:33',0),
(4,266,2,'Rappelle le dimanche ','2023-09-05 08:32:00',0);
/*!40000 ALTER TABLE `comment` ENABLE KEYS */;
UNLOCK TABLES;

--
-- Table structure for table `compte`
--

DROP TABLE IF EXISTS `compte`;
/*!40101 SET @saved_cs_client     = @@character_set_client */;
/*!40101 SET character_set_client = utf8 */;
CREATE TABLE `compte` (
  `id` int(11) NOT NULL AUTO_INCREMENT,
  `name` varchar(255) NOT NULL,
  `code` varchar(255) NOT NULL,
  `color` varchar(255) NOT NULL,
  `is_active` tinyint(1) NOT NULL,
  PRIMARY KEY (`id`)
) ENGINE=InnoDB AUTO_INCREMENT=4 DEFAULT CHARSET=utf8mb4 COLLATE=utf8mb4_unicode_ci;
/*!40101 SET character_set_client = @saved_cs_client */;

--
-- Dumping data for table `compte`
--

LOCK TABLES `compte` WRITE;
/*!40000 ALTER TABLE `compte` DISABLE KEYS */;
INSERT INTO `compte` VALUES
(1,'Cash','CAS','#378b29',1),
(2,'CNEP','CNP','#D24726',1),
(3,'Baraka','BAR','#f57323',1);
/*!40000 ALTER TABLE `compte` ENABLE KEYS */;
UNLOCK TABLES;

--
-- Table structure for table `configuration`
--

DROP TABLE IF EXISTS `configuration`;
/*!40101 SET @saved_cs_client     = @@character_set_client */;
/*!40101 SET character_set_client = utf8 */;
CREATE TABLE `configuration` (
  `id` int(11) NOT NULL AUTO_INCREMENT,
  `configkey` varchar(255) NOT NULL,
  `configvalue` varchar(255) NOT NULL,
  PRIMARY KEY (`id`)
) ENGINE=InnoDB AUTO_INCREMENT=12 DEFAULT CHARSET=utf8mb4 COLLATE=utf8mb4_unicode_ci;
/*!40101 SET character_set_client = @saved_cs_client */;

--
-- Dumping data for table `configuration`
--

LOCK TABLES `configuration` WRITE;
/*!40000 ALTER TABLE `configuration` DISABLE KEYS */;
INSERT INTO `configuration` VALUES
(1,'AFFECTED_LEAD_INTERACTION_TYPE','1'),
(2,'AFFECTED_LEAD_INTERACTION_SOURCE','1'),
(3,'NEW_CONTACT_TODO_LIST','1'),
(4,'NEW_LEAD_TODO_LIST','2'),
(5,'NEW_CUSTOMER_TODO_LIST','3'),
(6,'DEFAULT_CUSTOMER_STATE','1'),
(7,'NEW_ORDER_TODO_LIST','4'),
(8,'AFFECTED_LEAD_STATE','2'),
(9,'NEW_LEAD_STATE','1'),
(10,'AFFECTED_LEAD_INTERACTION_TYPE','1'),
(11,'AFFECTED_LEAD_INTERACTION_SOURCE','1');
/*!40000 ALTER TABLE `configuration` ENABLE KEYS */;
UNLOCK TABLES;

--
-- Table structure for table `contact`
--

DROP TABLE IF EXISTS `contact`;
/*!40101 SET @saved_cs_client     = @@character_set_client */;
/*!40101 SET character_set_client = utf8 */;
CREATE TABLE `contact` (
  `id` int(11) NOT NULL AUTO_INCREMENT,
  `wilaya_id` int(11) DEFAULT NULL,
  `job_id` int(11) DEFAULT NULL,
  `contact_source_id` int(11) DEFAULT NULL,
  `state_id` int(11) DEFAULT NULL,
  `employee_id` int(11) DEFAULT NULL,
  `firstname` varchar(255) NOT NULL,
  `lastname` varchar(255) NOT NULL,
  `phone1` varchar(255) NOT NULL,
  `phone2` varchar(255) DEFAULT NULL,
  `email1` varchar(255) NOT NULL,
  `email2` varchar(255) DEFAULT NULL,
  `address` varchar(255) DEFAULT NULL,
  `is_processed` tinyint(1) NOT NULL,
  `is_valid` tinyint(1) NOT NULL,
  `date_add` datetime NOT NULL,
  `is_deleted` tinyint(1) NOT NULL,
  `date_updated` datetime NOT NULL,
  `image` varchar(255) DEFAULT NULL,
  PRIMARY KEY (`id`),
  KEY `IDX_4C62E638DC89F5B6` (`wilaya_id`),
  KEY `IDX_4C62E638BE04EA9` (`job_id`),
  KEY `IDX_4C62E638FBCD3F1A` (`contact_source_id`),
  KEY `IDX_4C62E6385D83CC1` (`state_id`),
  KEY `IDX_4C62E6388C03F15C` (`employee_id`),
  CONSTRAINT `FK_4C62E6385D83CC1` FOREIGN KEY (`state_id`) REFERENCES `contact_state` (`id`),
  CONSTRAINT `FK_4C62E6388C03F15C` FOREIGN KEY (`employee_id`) REFERENCES `employee` (`id`),
  CONSTRAINT `FK_4C62E638BE04EA9` FOREIGN KEY (`job_id`) REFERENCES `contact_job` (`id`),
  CONSTRAINT `FK_4C62E638DC89F5B6` FOREIGN KEY (`wilaya_id`) REFERENCES `wilaya` (`id`),
  CONSTRAINT `FK_4C62E638FBCD3F1A` FOREIGN KEY (`contact_source_id`) REFERENCES `contact_source` (`id`)
) ENGINE=InnoDB DEFAULT CHARSET=utf8mb4 COLLATE=utf8mb4_unicode_ci;
/*!40101 SET character_set_client = @saved_cs_client */;

--
-- Dumping data for table `contact`
--

LOCK TABLES `contact` WRITE;
/*!40000 ALTER TABLE `contact` DISABLE KEYS */;
/*!40000 ALTER TABLE `contact` ENABLE KEYS */;
UNLOCK TABLES;

--
-- Table structure for table `contact_job`
--

DROP TABLE IF EXISTS `contact_job`;
/*!40101 SET @saved_cs_client     = @@character_set_client */;
/*!40101 SET character_set_client = utf8 */;
CREATE TABLE `contact_job` (
  `id` int(11) NOT NULL AUTO_INCREMENT,
  `name` varchar(255) NOT NULL,
  `code` varchar(255) NOT NULL,
  `color` varchar(255) DEFAULT NULL,
  `type` int(11) DEFAULT NULL,
  PRIMARY KEY (`id`)
) ENGINE=InnoDB AUTO_INCREMENT=6 DEFAULT CHARSET=utf8mb4 COLLATE=utf8mb4_unicode_ci;
/*!40101 SET character_set_client = @saved_cs_client */;

--
-- Dumping data for table `contact_job`
--

LOCK TABLES `contact_job` WRITE;
/*!40000 ALTER TABLE `contact_job` DISABLE KEYS */;
INSERT INTO `contact_job` VALUES
(1,'Employé','EMP','#ededed',1),
(2,'Commerçant','COM','#002050',2),
(3,'Cadre','CAD','#f57323',3),
(4,'Chef d\'entreprise','ENT','#faba92',4),
(5,'Investisseur','INV','#ededed',5);
/*!40000 ALTER TABLE `contact_job` ENABLE KEYS */;
UNLOCK TABLES;

--
-- Table structure for table `contact_source`
--

DROP TABLE IF EXISTS `contact_source`;
/*!40101 SET @saved_cs_client     = @@character_set_client */;
/*!40101 SET character_set_client = utf8 */;
CREATE TABLE `contact_source` (
  `id` int(11) NOT NULL AUTO_INCREMENT,
  `name` varchar(255) NOT NULL,
  PRIMARY KEY (`id`)
) ENGINE=InnoDB AUTO_INCREMENT=6 DEFAULT CHARSET=utf8mb4 COLLATE=utf8mb4_unicode_ci;
/*!40101 SET character_set_client = @saved_cs_client */;

--
-- Dumping data for table `contact_source`
--

LOCK TABLES `contact_source` WRITE;
/*!40000 ALTER TABLE `contact_source` DISABLE KEYS */;
INSERT INTO `contact_source` VALUES
(1,'Site web'),
(2,'Salon'),
(3,'Téléphone'),
(4,'Whatsapp'),
(5,'Contact personnel');
/*!40000 ALTER TABLE `contact_source` ENABLE KEYS */;
UNLOCK TABLES;

--
-- Table structure for table `contact_state`
--

DROP TABLE IF EXISTS `contact_state`;
/*!40101 SET @saved_cs_client     = @@character_set_client */;
/*!40101 SET character_set_client = utf8 */;
CREATE TABLE `contact_state` (
  `id` int(11) NOT NULL AUTO_INCREMENT,
  `name` varchar(255) NOT NULL,
  `code` varchar(255) NOT NULL,
  `color` varchar(255) NOT NULL,
  `color_border` varchar(255) NOT NULL,
  `color_text` varchar(255) NOT NULL,
  PRIMARY KEY (`id`)
) ENGINE=InnoDB DEFAULT CHARSET=utf8mb4 COLLATE=utf8mb4_unicode_ci;
/*!40101 SET character_set_client = @saved_cs_client */;

--
-- Dumping data for table `contact_state`
--

LOCK TABLES `contact_state` WRITE;
/*!40000 ALTER TABLE `contact_state` DISABLE KEYS */;
/*!40000 ALTER TABLE `contact_state` ENABLE KEYS */;
UNLOCK TABLES;

--
-- Table structure for table `cproject`
--

DROP TABLE IF EXISTS `cproject`;
/*!40101 SET @saved_cs_client     = @@character_set_client */;
/*!40101 SET character_set_client = utf8 */;
CREATE TABLE `cproject` (
  `id` int(11) NOT NULL AUTO_INCREMENT,
  `name` varchar(255) NOT NULL,
  `public_name` varchar(255) NOT NULL,
  `short_description` varchar(500) DEFAULT NULL,
  `text` longtext NOT NULL,
  `thumb` varchar(255) NOT NULL,
  `image` varchar(255) NOT NULL,
  `address` varchar(255) NOT NULL,
  `gps` varchar(255) NOT NULL,
  `slug` varchar(255) NOT NULL,
  `is_active` tinyint(1) NOT NULL,
  `video` varchar(255) DEFAULT NULL,
  PRIMARY KEY (`id`)
) ENGINE=InnoDB AUTO_INCREMENT=2 DEFAULT CHARSET=utf8mb4 COLLATE=utf8mb4_unicode_ci;
/*!40101 SET character_set_client = @saved_cs_client */;

--
-- Dumping data for table `cproject`
--

LOCK TABLES `cproject` WRITE;
/*!40000 ALTER TABLE `cproject` DISABLE KEYS */;
INSERT INTO `cproject` VALUES
(1,'Heaven','The Heaven Beni Haoua','Venez découvrir \"The Heaven\", là où chaque jour est un rêve éveillé. Pour ceux qui recherchent l\'exclusivité, le confort et l\'élégance, ne cherchez pas plus loin. Votre futur chez-vous vous attend.','<h2>La R&eacute;sidence &quot;The Heaven&quot; : Votre Paradis Sur Terre</h2>\r\n\r\n<p>Nich&eacute;e au c&oelig;ur de Beni Haoua, Chlef, la r&eacute;sidence baln&eacute;aire &quot;The Heaven&quot; est une &eacute;vasion m&eacute;diterran&eacute;enne qui vous promet une exp&eacute;rience de vie in&eacute;gal&eacute;e. Cette r&eacute;sidence, v&eacute;ritable coin de paradis, est adoss&eacute;e &agrave; une plage priv&eacute;e majestueuse s&#39;&eacute;tendant sur 600 m&egrave;tres, vous offrant un acc&egrave;s direct aux caresses du sable fin et aux embruns rafra&icirc;chissants de la mer.</p>\r\n\r\n<p>S&#39;&eacute;talant sur une superficie impressionnante de 18 hectares, &quot;The Heaven&quot; n&#39;est pas seulement un lieu de r&eacute;sidence, c&#39;est une communaut&eacute; florissante. Avec 240 villas de luxe et 240 appartements aux designs diversifi&eacute;s, chacun trouvera son nid douillet.</p>\r\n\r\n<p>Les amoureux du shopping seront s&eacute;duits par le centre commercial au c&oelig;ur de la r&eacute;sidence, proposant une panoplie de boutiques pour r&eacute;pondre &agrave; toutes vos envies. Pour les adeptes de divertissements, un aquapark dernier cri promet des journ&eacute;es ensoleill&eacute;es pleines de rires et de sensations fortes. Les passionn&eacute;s de sport et de bien-&ecirc;tre ne sont pas en reste avec une salle de gym haut de gamme.</p>\r\n\r\n<p>Votre palette culinaire sera en &eacute;bullition avec une vari&eacute;t&eacute; de restaurants offrant une cuisine raffin&eacute;e aux saveurs du monde. Les soir&eacute;es d&#39;&eacute;t&eacute; &agrave; &quot;The Heaven&quot; sont un spectacle en soi. Entre animations &agrave; la plage, soir&eacute;es th&eacute;matiques et une ambiance familiale m&eacute;diterran&eacute;enne, vos &eacute;t&eacute;s seront synonymes de festivit&eacute;s.</p>\r\n\r\n<p>La s&eacute;curit&eacute; est au c&oelig;ur de nos pr&eacute;occupations. La r&eacute;sidence est enti&egrave;rement cl&ocirc;tur&eacute;e et b&eacute;n&eacute;ficie d&#39;un syst&egrave;me de s&eacute;curit&eacute; moderne pour assurer la s&eacute;r&eacute;nit&eacute; de ses habitants.</p>\r\n\r\n<p>Enfin, que vous arriviez de la vibrante capitale Alger ou de son a&eacute;roport international, en seulement 60 minutes, les portes du paradis s&#39;ouvriront &agrave; vous.</p>\r\n\r\n<p>Venez d&eacute;couvrir &quot;The Heaven&quot;, l&agrave; o&ugrave; chaque jour est un r&ecirc;ve &eacute;veill&eacute;. Pour ceux qui recherchent l&#39;exclusivit&eacute;, le confort et l&#39;&eacute;l&eacute;gance, ne cherchez pas plus loin. Votre futur chez-vous vous attend.</p>\r\n\r\n<p>&nbsp;</p>','amenties-3-64e71e489a5f8.webp','aproposaccueil-64e71febe6cb0.jpg','Beni haoua, Chlef','.','The-heaven',1,'Jubail-Island-Development-Progress-March-2023-64e71febe784e.mp4');
/*!40000 ALTER TABLE `cproject` ENABLE KEYS */;
UNLOCK TABLES;

--
-- Table structure for table `cproject_state`
--

DROP TABLE IF EXISTS `cproject_state`;
/*!40101 SET @saved_cs_client     = @@character_set_client */;
/*!40101 SET character_set_client = utf8 */;
CREATE TABLE `cproject_state` (
  `id` int(11) NOT NULL AUTO_INCREMENT,
  `name` varchar(255) NOT NULL,
  `percentage` varchar(255) NOT NULL,
  PRIMARY KEY (`id`)
) ENGINE=InnoDB DEFAULT CHARSET=utf8mb4 COLLATE=utf8mb4_unicode_ci;
/*!40101 SET character_set_client = @saved_cs_client */;

--
-- Dumping data for table `cproject_state`
--

LOCK TABLES `cproject_state` WRITE;
/*!40000 ALTER TABLE `cproject_state` DISABLE KEYS */;
/*!40000 ALTER TABLE `cproject_state` ENABLE KEYS */;
UNLOCK TABLES;

--
-- Table structure for table `cproject_state_history`
--

DROP TABLE IF EXISTS `cproject_state_history`;
/*!40101 SET @saved_cs_client     = @@character_set_client */;
/*!40101 SET character_set_client = utf8 */;
CREATE TABLE `cproject_state_history` (
  `id` int(11) NOT NULL AUTO_INCREMENT,
  `project_id` int(11) DEFAULT NULL,
  `state_id` int(11) DEFAULT NULL,
  `employee_id` int(11) DEFAULT NULL,
  `date_add` datetime NOT NULL,
  PRIMARY KEY (`id`),
  KEY `IDX_27CFF5C4166D1F9C` (`project_id`),
  KEY `IDX_27CFF5C45D83CC1` (`state_id`),
  KEY `IDX_27CFF5C48C03F15C` (`employee_id`),
  CONSTRAINT `FK_27CFF5C4166D1F9C` FOREIGN KEY (`project_id`) REFERENCES `cproject` (`id`),
  CONSTRAINT `FK_27CFF5C45D83CC1` FOREIGN KEY (`state_id`) REFERENCES `cproject_state` (`id`),
  CONSTRAINT `FK_27CFF5C48C03F15C` FOREIGN KEY (`employee_id`) REFERENCES `employee` (`id`)
) ENGINE=InnoDB DEFAULT CHARSET=utf8mb4 COLLATE=utf8mb4_unicode_ci;
/*!40101 SET character_set_client = @saved_cs_client */;

--
-- Dumping data for table `cproject_state_history`
--

LOCK TABLES `cproject_state_history` WRITE;
/*!40000 ALTER TABLE `cproject_state_history` DISABLE KEYS */;
/*!40000 ALTER TABLE `cproject_state_history` ENABLE KEYS */;
UNLOCK TABLES;

--
-- Table structure for table `ctype_bien`
--

DROP TABLE IF EXISTS `ctype_bien`;
/*!40101 SET @saved_cs_client     = @@character_set_client */;
/*!40101 SET character_set_client = utf8 */;
CREATE TABLE `ctype_bien` (
  `id` int(11) NOT NULL AUTO_INCREMENT,
  `name` varchar(255) NOT NULL,
  `public_title` varchar(255) NOT NULL,
  `thumb` varchar(255) NOT NULL,
  `image` varchar(255) NOT NULL,
  `short_description` varchar(255) NOT NULL,
  `is_active` tinyint(1) NOT NULL,
  `slug` varchar(255) NOT NULL,
  `text` longtext DEFAULT NULL,
  PRIMARY KEY (`id`)
) ENGINE=InnoDB AUTO_INCREMENT=6 DEFAULT CHARSET=utf8mb4 COLLATE=utf8mb4_unicode_ci;
/*!40101 SET character_set_client = @saved_cs_client */;

--
-- Dumping data for table `ctype_bien`
--

LOCK TABLES `ctype_bien` WRITE;
/*!40000 ALTER TABLE `ctype_bien` DISABLE KEYS */;
INSERT INTO `ctype_bien` VALUES
(1,'Apartement Simplex','Apartement','Appartement-Simplex-64f1ad417d6b4.jpg','ORLA7-64e5dd50488d5.webp','Simplex',1,'Apartement',NULL),
(3,'Villa','Villa','Villa-de-Luxe-64f1ad4c05430.jpg','BEACH-VISTA-BALCONY-1620x832-64e5ddc1502d9.jpg','Villas',1,'Villa',NULL),
(4,'Appartement Duplex','Appartement Duplex','Appartement-Duplex-64f7248593337.jpg','SLIDE-7-64f72485926f3.jpg','Appartement Duplex',1,'Appartement-Duplex',NULL),
(5,'Locaux','Locaux commerciaux','Villa-T1-64f724cfc1b37.jpg','SLIDE-4-64f724cfc173d.jpg','Locoaux commerciaux',1,'Locaux-commerciaux',NULL);
/*!40000 ALTER TABLE `ctype_bien` ENABLE KEYS */;
UNLOCK TABLES;

--
-- Table structure for table `customer`
--

DROP TABLE IF EXISTS `customer`;
/*!40101 SET @saved_cs_client     = @@character_set_client */;
/*!40101 SET character_set_client = utf8 */;
CREATE TABLE `customer` (
  `id` int(11) NOT NULL AUTO_INCREMENT,
  `email` varchar(180) NOT NULL,
  `roles` longtext NOT NULL COMMENT '(DC2Type:json)',
  `password` varchar(255) DEFAULT NULL,
  `is_verified` tinyint(1) NOT NULL,
  `firstname` varchar(255) NOT NULL,
  `lastname` varchar(255) NOT NULL,
  `phone` varchar(255) NOT NULL,
  `address` varchar(255) DEFAULT NULL,
  `picture` varchar(255) DEFAULT NULL,
  `is_active` tinyint(1) NOT NULL,
  `lead_id` int(11) DEFAULT NULL,
  `state_id` int(11) DEFAULT NULL,
  `date_add` datetime NOT NULL,
  `is_deleted` tinyint(1) NOT NULL,
  `employee_id` int(11) DEFAULT NULL,
  `date_updated` datetime NOT NULL,
  PRIMARY KEY (`id`),
  UNIQUE KEY `UNIQ_81398E09E7927C74` (`email`),
  UNIQUE KEY `UNIQ_81398E0955458D` (`lead_id`),
  KEY `IDX_81398E095D83CC1` (`state_id`),
  KEY `IDX_81398E098C03F15C` (`employee_id`),
  CONSTRAINT `FK_81398E0955458D` FOREIGN KEY (`lead_id`) REFERENCES `lead` (`id`),
  CONSTRAINT `FK_81398E095D83CC1` FOREIGN KEY (`state_id`) REFERENCES `customer_state` (`id`),
  CONSTRAINT `FK_81398E098C03F15C` FOREIGN KEY (`employee_id`) REFERENCES `employee` (`id`)
) ENGINE=InnoDB AUTO_INCREMENT=13 DEFAULT CHARSET=utf8mb4 COLLATE=utf8mb4_unicode_ci;
/*!40101 SET character_set_client = @saved_cs_client */;

--
-- Dumping data for table `customer`
--

LOCK TABLES `customer` WRITE;
/*!40000 ALTER TABLE `customer` DISABLE KEYS */;
INSERT INTO `customer` VALUES
(1,'bertrand.thibault@roux.net','[\"ROLE_CUSTOMER\"]',NULL,0,'Édith','Robert','+33 (0)2 57 27 10 97','9, rue de Giraud\n75 440 Lacombe-la-Forêt',NULL,0,53,1,'2023-09-01 21:37:01',0,5,'2023-09-04 20:39:51'),
(2,'Hakim@gmail.com','[\"ROLE_CUSTOMER\"]',NULL,0,'Hakim','Bouras','0550322332','26, Boulevard de l\'independence',NULL,0,3,3,'2023-09-04 20:09:26',0,2,'2023-09-04 20:10:08'),
(3,'albert.joseph@boucher.fr','[\"ROLE_CUSTOMER\"]',NULL,0,'Patrick','Reynaud','0599519316','723, rue de Lamy\n16 333 Hernandezboeuf',NULL,0,6,2,'2023-09-04 20:10:25',0,4,'2023-09-04 20:10:54'),
(4,'laure68@collin.org','[\"ROLE_CUSTOMER\"]',NULL,0,'Théodore','Breton','+33 (0)9 12 22 24 49','4, rue Pauline Alves\n14 118 Roy-la-Forêt',NULL,0,8,2,'2023-09-04 20:11:03',0,3,'2023-09-04 20:11:54'),
(5,'marcelle29@guerin.fr','[\"ROLE_CUSTOMER\"]',NULL,0,'Théodore','Boulay','+33 (0)4 05 61 42 35','77, place Thomas\n08381 Mallet',NULL,0,13,4,'2023-09-04 20:12:05',0,5,'2023-09-04 20:17:27'),
(6,'ntraore@cordier.com','[\"ROLE_CUSTOMER\"]',NULL,0,'Pierre','Laroche','03 44 54 53 01','2, boulevard Martine Girard\n45174 Gaudin',NULL,0,14,4,'2023-09-04 20:30:00',0,4,'2023-09-04 20:31:26'),
(7,'claude84@hotmail.fr','[\"ROLE_CUSTOMER\"]',NULL,0,'Alain','Charpentier','0825962304','85, rue René Levy\n21720 Torres-sur-Germain',NULL,0,16,4,'2023-09-04 20:32:03',0,6,'2023-09-04 20:33:57'),
(8,'wdurand@club-internet.fr','[\"ROLE_CUSTOMER\"]',NULL,0,'Alphonse','Dijoux','06 37 85 19 90','12, place Victoire Lopes\n39 217 Descamps',NULL,0,18,1,'2023-09-04 20:34:06',0,4,'2023-09-04 20:34:06'),
(9,'thibault86@free.fr','[\"ROLE_CUSTOMER\"]',NULL,0,'Gilles','Costa','08 08 54 96 20','58, place Gabriel Francois\n02 848 MilletBourg',NULL,0,24,1,'2023-09-04 20:34:09',0,7,'2023-09-04 20:34:09'),
(10,'fledoux@laposte.net','[\"ROLE_CUSTOMER\"]',NULL,0,'Capucine','Henry','03 53 46 46 89','58, place Thibault Dufour\n04564 Lefebvre',NULL,0,29,2,'2023-09-04 20:34:11',0,6,'2023-09-04 20:34:41'),
(11,'paul.morin@dijoux.com','[\"ROLE_CUSTOMER\"]',NULL,0,'Margaux','Guichard','04 40 06 43 77','68, place Mathilde Colin\n78446 Delaunay-sur-Perret',NULL,0,32,4,'2023-09-04 20:36:29',0,5,'2023-09-04 20:38:05'),
(12,'rsamson@olivier.com','[\"ROLE_CUSTOMER\"]',NULL,0,'Claude','Bernard','+33 (0)9 37 22 80 04','894, avenue Coste\n29334 Regnier',NULL,0,38,3,'2023-09-04 20:38:12',0,7,'2023-09-05 10:44:13');
/*!40000 ALTER TABLE `customer` ENABLE KEYS */;
UNLOCK TABLES;

--
-- Table structure for table `customer_cformat_bien`
--

DROP TABLE IF EXISTS `customer_cformat_bien`;
/*!40101 SET @saved_cs_client     = @@character_set_client */;
/*!40101 SET character_set_client = utf8 */;
CREATE TABLE `customer_cformat_bien` (
  `customer_id` int(11) NOT NULL,
  `cformat_bien_id` int(11) NOT NULL,
  PRIMARY KEY (`customer_id`,`cformat_bien_id`),
  KEY `IDX_446FAA379395C3F3` (`customer_id`),
  KEY `IDX_446FAA37B5A85851` (`cformat_bien_id`),
  CONSTRAINT `FK_446FAA379395C3F3` FOREIGN KEY (`customer_id`) REFERENCES `customer` (`id`) ON DELETE CASCADE,
  CONSTRAINT `FK_446FAA37B5A85851` FOREIGN KEY (`cformat_bien_id`) REFERENCES `cformat_bien` (`id`) ON DELETE CASCADE
) ENGINE=InnoDB DEFAULT CHARSET=utf8mb4 COLLATE=utf8mb4_unicode_ci;
/*!40101 SET character_set_client = @saved_cs_client */;

--
-- Dumping data for table `customer_cformat_bien`
--

LOCK TABLES `customer_cformat_bien` WRITE;
/*!40000 ALTER TABLE `customer_cformat_bien` DISABLE KEYS */;
INSERT INTO `customer_cformat_bien` VALUES
(1,8),
(2,5),
(5,8),
(9,7),
(10,9),
(11,7),
(12,8);
/*!40000 ALTER TABLE `customer_cformat_bien` ENABLE KEYS */;
UNLOCK TABLES;

--
-- Table structure for table `customer_state`
--

DROP TABLE IF EXISTS `customer_state`;
/*!40101 SET @saved_cs_client     = @@character_set_client */;
/*!40101 SET character_set_client = utf8 */;
CREATE TABLE `customer_state` (
  `id` int(11) NOT NULL AUTO_INCREMENT,
  `name` varchar(255) NOT NULL,
  `code` varchar(255) NOT NULL,
  `color` varchar(255) NOT NULL,
  `color_border` varchar(255) NOT NULL,
  `color_text` varchar(255) NOT NULL,
  PRIMARY KEY (`id`)
) ENGINE=InnoDB AUTO_INCREMENT=7 DEFAULT CHARSET=utf8mb4 COLLATE=utf8mb4_unicode_ci;
/*!40101 SET character_set_client = @saved_cs_client */;

--
-- Dumping data for table `customer_state`
--

LOCK TABLES `customer_state` WRITE;
/*!40000 ALTER TABLE `customer_state` DISABLE KEYS */;
INSERT INTO `customer_state` VALUES
(1,'En cours','CRS','#1160B7','#b1d6f0','#ffffff'),
(2,'Proposition','PRO','#D24726','#a8381e','#ffffff'),
(3,'Visite','VIS','#673888','#4d1b7b','#ffffff'),
(4,'Confirmé','COF','#ef4f91','#c79dd7','#ffffff'),
(5,'Paiement','PAI','#378b29','#74d680','#ffffff'),
(6,'Perdus','PER','#ff7878','#ff0000','#ffffff');
/*!40000 ALTER TABLE `customer_state` ENABLE KEYS */;
UNLOCK TABLES;

--
-- Table structure for table `doctrine_migration_versions`
--

DROP TABLE IF EXISTS `doctrine_migration_versions`;
/*!40101 SET @saved_cs_client     = @@character_set_client */;
/*!40101 SET character_set_client = utf8 */;
CREATE TABLE `doctrine_migration_versions` (
  `version` varchar(191) NOT NULL,
  `executed_at` datetime DEFAULT NULL,
  `execution_time` int(11) DEFAULT NULL,
  PRIMARY KEY (`version`)
) ENGINE=InnoDB DEFAULT CHARSET=utf8mb3 COLLATE=utf8mb3_unicode_ci;
/*!40101 SET character_set_client = @saved_cs_client */;

--
-- Dumping data for table `doctrine_migration_versions`
--

LOCK TABLES `doctrine_migration_versions` WRITE;
/*!40000 ALTER TABLE `doctrine_migration_versions` DISABLE KEYS */;
INSERT INTO `doctrine_migration_versions` VALUES
('DoctrineMigrations\\Version20230826184701',NULL,NULL),
('DoctrineMigrations\\Version20230905145016','2023-09-05 15:50:22',64);
/*!40000 ALTER TABLE `doctrine_migration_versions` ENABLE KEYS */;
UNLOCK TABLES;

--
-- Table structure for table `document`
--

DROP TABLE IF EXISTS `document`;
/*!40101 SET @saved_cs_client     = @@character_set_client */;
/*!40101 SET character_set_client = utf8 */;
CREATE TABLE `document` (
  `id` int(11) NOT NULL AUTO_INCREMENT,
  `type_id` int(11) DEFAULT NULL,
  `name` varchar(255) NOT NULL,
  `url` varchar(255) NOT NULL,
  `is_deleted` tinyint(1) NOT NULL,
  `date_add` datetime NOT NULL,
  `contact_id` int(11) DEFAULT NULL,
  `employee_id` int(11) DEFAULT NULL,
  `lead_id` int(11) DEFAULT NULL,
  `customer_id` int(11) DEFAULT NULL,
  PRIMARY KEY (`id`),
  KEY `IDX_D8698A76C54C8C93` (`type_id`),
  KEY `IDX_D8698A76E7A1254A` (`contact_id`),
  KEY `IDX_D8698A768C03F15C` (`employee_id`),
  KEY `IDX_D8698A7655458D` (`lead_id`),
  KEY `IDX_D8698A769395C3F3` (`customer_id`),
  CONSTRAINT `FK_D8698A7655458D` FOREIGN KEY (`lead_id`) REFERENCES `lead` (`id`),
  CONSTRAINT `FK_D8698A768C03F15C` FOREIGN KEY (`employee_id`) REFERENCES `employee` (`id`),
  CONSTRAINT `FK_D8698A769395C3F3` FOREIGN KEY (`customer_id`) REFERENCES `customer` (`id`),
  CONSTRAINT `FK_D8698A76C54C8C93` FOREIGN KEY (`type_id`) REFERENCES `document_type` (`id`),
  CONSTRAINT `FK_D8698A76E7A1254A` FOREIGN KEY (`contact_id`) REFERENCES `contact` (`id`)
) ENGINE=InnoDB AUTO_INCREMENT=5 DEFAULT CHARSET=utf8mb4 COLLATE=utf8mb4_unicode_ci;
/*!40101 SET character_set_client = @saved_cs_client */;

--
-- Dumping data for table `document`
--

LOCK TABLES `document` WRITE;
/*!40000 ALTER TABLE `document` DISABLE KEYS */;
INSERT INTO `document` VALUES
(1,2,'Reçus de paiement','Recu-1-Theodore-Boulay-64f62da58ad76.pdf',0,'2023-09-04 20:19:01',NULL,2,NULL,5),
(2,2,'Reçus de paiement','Recu-1-Theodore-Boulay-64f62e3d29e5d.pdf',0,'2023-09-04 20:21:33',NULL,2,NULL,5),
(3,2,'Recu','Recu-1-Theodore-Boulay-64f62f7cb5a5b.pdf',0,'2023-09-04 20:26:52',NULL,2,NULL,5),
(4,2,'Reçus de paiement','Recu-2-Pierre-Laroche-64f630a80346c.pdf',0,'2023-09-04 20:31:52',NULL,2,NULL,6);
/*!40000 ALTER TABLE `document` ENABLE KEYS */;
UNLOCK TABLES;

--
-- Table structure for table `document_type`
--

DROP TABLE IF EXISTS `document_type`;
/*!40101 SET @saved_cs_client     = @@character_set_client */;
/*!40101 SET character_set_client = utf8 */;
CREATE TABLE `document_type` (
  `id` int(11) NOT NULL AUTO_INCREMENT,
  `name` varchar(255) NOT NULL,
  `code` varchar(255) NOT NULL,
  `color` varchar(255) NOT NULL,
  PRIMARY KEY (`id`)
) ENGINE=InnoDB AUTO_INCREMENT=5 DEFAULT CHARSET=utf8mb4 COLLATE=utf8mb4_unicode_ci;
/*!40101 SET character_set_client = @saved_cs_client */;

--
-- Dumping data for table `document_type`
--

LOCK TABLES `document_type` WRITE;
/*!40000 ALTER TABLE `document_type` DISABLE KEYS */;
INSERT INTO `document_type` VALUES
(1,'Carte nationale d\'identité','CNI','#ededed'),
(2,'Bon de versement','VER','#ededed'),
(3,'Facture','FAC','#ededed'),
(4,'Cahier des charges','CAC','#ededed');
/*!40000 ALTER TABLE `document_type` ENABLE KEYS */;
UNLOCK TABLES;

--
-- Table structure for table `empl_jobs`
--

DROP TABLE IF EXISTS `empl_jobs`;
/*!40101 SET @saved_cs_client     = @@character_set_client */;
/*!40101 SET character_set_client = utf8 */;
CREATE TABLE `empl_jobs` (
  `id` int(11) NOT NULL AUTO_INCREMENT,
  `name` varchar(255) NOT NULL,
  PRIMARY KEY (`id`)
) ENGINE=InnoDB AUTO_INCREMENT=6 DEFAULT CHARSET=utf8mb4 COLLATE=utf8mb4_unicode_ci;
/*!40101 SET character_set_client = @saved_cs_client */;

--
-- Dumping data for table `empl_jobs`
--

LOCK TABLES `empl_jobs` WRITE;
/*!40000 ALTER TABLE `empl_jobs` DISABLE KEYS */;
INSERT INTO `empl_jobs` VALUES
(1,'Directeur d\'administration générale'),
(2,'Directeur general'),
(3,'Directeur Commercial'),
(4,'Commercial'),
(5,'Directeur des ressources humaines');
/*!40000 ALTER TABLE `empl_jobs` ENABLE KEYS */;
UNLOCK TABLES;

--
-- Table structure for table `empl_jobs_empl_role`
--

DROP TABLE IF EXISTS `empl_jobs_empl_role`;
/*!40101 SET @saved_cs_client     = @@character_set_client */;
/*!40101 SET character_set_client = utf8 */;
CREATE TABLE `empl_jobs_empl_role` (
  `empl_jobs_id` int(11) NOT NULL,
  `empl_role_id` int(11) NOT NULL,
  PRIMARY KEY (`empl_jobs_id`,`empl_role_id`),
  KEY `IDX_255D4C5F45608953` (`empl_jobs_id`),
  KEY `IDX_255D4C5FDB13EDD8` (`empl_role_id`),
  CONSTRAINT `FK_255D4C5F45608953` FOREIGN KEY (`empl_jobs_id`) REFERENCES `empl_jobs` (`id`) ON DELETE CASCADE,
  CONSTRAINT `FK_255D4C5FDB13EDD8` FOREIGN KEY (`empl_role_id`) REFERENCES `empl_role` (`id`) ON DELETE CASCADE
) ENGINE=InnoDB DEFAULT CHARSET=utf8mb4 COLLATE=utf8mb4_unicode_ci;
/*!40101 SET character_set_client = @saved_cs_client */;

--
-- Dumping data for table `empl_jobs_empl_role`
--

LOCK TABLES `empl_jobs_empl_role` WRITE;
/*!40000 ALTER TABLE `empl_jobs_empl_role` DISABLE KEYS */;
INSERT INTO `empl_jobs_empl_role` VALUES
(1,1),
(2,2),
(3,3),
(4,4),
(5,5);
/*!40000 ALTER TABLE `empl_jobs_empl_role` ENABLE KEYS */;
UNLOCK TABLES;

--
-- Table structure for table `empl_role`
--

DROP TABLE IF EXISTS `empl_role`;
/*!40101 SET @saved_cs_client     = @@character_set_client */;
/*!40101 SET character_set_client = utf8 */;
CREATE TABLE `empl_role` (
  `id` int(11) NOT NULL AUTO_INCREMENT,
  `role` varchar(255) NOT NULL,
  PRIMARY KEY (`id`)
) ENGINE=InnoDB AUTO_INCREMENT=6 DEFAULT CHARSET=utf8mb4 COLLATE=utf8mb4_unicode_ci;
/*!40101 SET character_set_client = @saved_cs_client */;

--
-- Dumping data for table `empl_role`
--

LOCK TABLES `empl_role` WRITE;
/*!40000 ALTER TABLE `empl_role` DISABLE KEYS */;
INSERT INTO `empl_role` VALUES
(1,'ROLE_DAG'),
(2,'ROLE_DG'),
(3,'ROLE_DC'),
(4,'ROLE_COMMERCIAL'),
(5,'ROLE_RH');
/*!40000 ALTER TABLE `empl_role` ENABLE KEYS */;
UNLOCK TABLES;

--
-- Table structure for table `employee`
--

DROP TABLE IF EXISTS `employee`;
/*!40101 SET @saved_cs_client     = @@character_set_client */;
/*!40101 SET character_set_client = utf8 */;
CREATE TABLE `employee` (
  `id` int(11) NOT NULL AUTO_INCREMENT,
  `email` varchar(180) NOT NULL,
  `roles` longtext NOT NULL COMMENT '(DC2Type:json)',
  `password` varchar(255) NOT NULL,
  `is_active` tinyint(1) NOT NULL,
  `job_id` int(11) DEFAULT NULL,
  `first_name` varchar(255) NOT NULL,
  `last_name` varchar(255) NOT NULL,
  `dob` date NOT NULL,
  `picture` varchar(255) DEFAULT NULL,
  PRIMARY KEY (`id`),
  UNIQUE KEY `UNIQ_5D9F75A1E7927C74` (`email`),
  KEY `IDX_5D9F75A1BE04EA9` (`job_id`),
  CONSTRAINT `FK_5D9F75A1BE04EA9` FOREIGN KEY (`job_id`) REFERENCES `empl_jobs` (`id`)
) ENGINE=InnoDB AUTO_INCREMENT=10 DEFAULT CHARSET=utf8mb4 COLLATE=utf8mb4_unicode_ci;
/*!40101 SET character_set_client = @saved_cs_client */;

--
-- Dumping data for table `employee`
--

LOCK TABLES `employee` WRITE;
/*!40000 ALTER TABLE `employee` DISABLE KEYS */;
INSERT INTO `employee` VALUES
(2,'cnend123@gmail.com','[\"ROLE_SUPER_ADMIN\"]','$2y$13$/SuXxsPO14C0/346N/YOsu6YGASLgmTGWGPS2gCEvJXfXjrHgtXXm',1,2,'Nadir','Delimi','2018-02-07','telechargement-64f22a4bb0e3e.jpg'),
(3,'Maya@theheavendz.com','[\"ROLE_DC\"]','$2y$13$4APksjmfIkbGWkIeEAwFrup/EMJj2uVcIXkM928dZoYEHTHvjaNCu',1,3,'Maya','Mimouni','1990-07-01','Maya-64f224e347ed1.jpg'),
(4,'Nourelhouda@theheavendz.com','[\"ROLE_COMMERCIAL\"]','$2y$13$DEvJm/2n7dvD8PKANWZmjuA59MYlTVIolVKXB19pbTpaZ.JLuxFMW',1,4,'Nour el houda','Ourchani','1994-04-03','Nour-64f2251779743.jpg'),
(5,'Romeissa@theheavendz.com','[\"ROLE_COMMERCIAL\"]','$2y$13$lJli.oOOsVw2hE9aHRf2ruEvWU8u/LSEMdG0/gztISfZbJl5.YCXO',1,4,'Romeissa','Toumi','1995-12-06','Romeissa-64f22548dd428.jpg'),
(6,'Kaci@theheavendz.com','[\"ROLE_RH\"]','$2y$13$9/o4mJcYQqenpO0KiXPbtuPzHdHzeqx/aoZdDiMVH4WJz1062CzD.',1,5,'Kaci','Hacian','1988-01-22','Kaci-64f2258bbb07d.jpg'),
(7,'Yanis@theheavendz.com','[\"ROLE_COMMERCIAL\"]','$2y$13$GYEdR8tYJsg0/Iq5cArkOeDuLneYFozopIhsaHU8a8Q586wRuPnfe',1,4,'Yanis','Nait Kaci','1997-11-19','Yanis-64f225ba0b321.jpg'),
(8,'Boukahnoune@theheavendz.com','[\"ROLE_DG\"]','$2y$13$EqyzZmq4qNQOgDoOoZEyJ.oa80qG5DkgNC4FxrJjocinoRizXqEfG',1,2,'Abdelhamid','Boukahnoun','1967-01-01','Hamid-64f225fd12be8.jpg'),
(9,'contact@makerslab.dz','[\"ROLE_SUPER_ADMIN\"]','$2y$13$/j76kB14Nvpx4pK95UaH7uNJXyolsNfJOLf9imuJf0XFnHYJkb4J.',1,2,'Nizar','Adnani','1977-02-12','Nizar-64f7449eb9232.jpg');
/*!40000 ALTER TABLE `employee` ENABLE KEYS */;
UNLOCK TABLES;

--
-- Table structure for table `interaction_history`
--

DROP TABLE IF EXISTS `interaction_history`;
/*!40101 SET @saved_cs_client     = @@character_set_client */;
/*!40101 SET character_set_client = utf8 */;
CREATE TABLE `interaction_history` (
  `id` int(11) NOT NULL AUTO_INCREMENT,
  `source_id` int(11) DEFAULT NULL,
  `type_id` int(11) DEFAULT NULL,
  `employee_id` int(11) DEFAULT NULL,
  `contact_id` int(11) DEFAULT NULL,
  `contact_state_id` int(11) DEFAULT NULL,
  `lead_id` int(11) DEFAULT NULL,
  `lead_state_id` int(11) DEFAULT NULL,
  `customer_id` int(11) DEFAULT NULL,
  `customer_state_id` int(11) DEFAULT NULL,
  `web_contact_form_id` int(11) DEFAULT NULL,
  `web_contact_state_id` int(11) DEFAULT NULL,
  `text` longtext NOT NULL,
  `date_add` datetime NOT NULL,
  `is_deleted` tinyint(1) NOT NULL,
  `order_interaction_id` int(11) DEFAULT NULL,
  `order_state_id` int(11) DEFAULT NULL,
  PRIMARY KEY (`id`),
  KEY `IDX_47FC472A953C1C61` (`source_id`),
  KEY `IDX_47FC472AC54C8C93` (`type_id`),
  KEY `IDX_47FC472A8C03F15C` (`employee_id`),
  KEY `IDX_47FC472AE7A1254A` (`contact_id`),
  KEY `IDX_47FC472A9FFDA056` (`contact_state_id`),
  KEY `IDX_47FC472A55458D` (`lead_id`),
  KEY `IDX_47FC472AAF8BBEC2` (`lead_state_id`),
  KEY `IDX_47FC472A9395C3F3` (`customer_id`),
  KEY `IDX_47FC472A291D7FEE` (`customer_state_id`),
  KEY `IDX_47FC472A18A99B29` (`web_contact_form_id`),
  KEY `IDX_47FC472A6999F62C` (`web_contact_state_id`),
  KEY `IDX_47FC472AE01D3E3F` (`order_interaction_id`),
  KEY `IDX_47FC472AE420DE70` (`order_state_id`),
  CONSTRAINT `FK_47FC472A18A99B29` FOREIGN KEY (`web_contact_form_id`) REFERENCES `web_contact` (`id`),
  CONSTRAINT `FK_47FC472A291D7FEE` FOREIGN KEY (`customer_state_id`) REFERENCES `customer_state` (`id`),
  CONSTRAINT `FK_47FC472A55458D` FOREIGN KEY (`lead_id`) REFERENCES `lead` (`id`),
  CONSTRAINT `FK_47FC472A6999F62C` FOREIGN KEY (`web_contact_state_id`) REFERENCES `web_contact_state` (`id`),
  CONSTRAINT `FK_47FC472A8C03F15C` FOREIGN KEY (`employee_id`) REFERENCES `employee` (`id`),
  CONSTRAINT `FK_47FC472A9395C3F3` FOREIGN KEY (`customer_id`) REFERENCES `customer` (`id`),
  CONSTRAINT `FK_47FC472A953C1C61` FOREIGN KEY (`source_id`) REFERENCES `interaction_source` (`id`),
  CONSTRAINT `FK_47FC472A9FFDA056` FOREIGN KEY (`contact_state_id`) REFERENCES `contact_state` (`id`),
  CONSTRAINT `FK_47FC472AAF8BBEC2` FOREIGN KEY (`lead_state_id`) REFERENCES `lead_state` (`id`),
  CONSTRAINT `FK_47FC472AC54C8C93` FOREIGN KEY (`type_id`) REFERENCES `interaction_type` (`id`),
  CONSTRAINT `FK_47FC472AE01D3E3F` FOREIGN KEY (`order_interaction_id`) REFERENCES `order` (`id`),
  CONSTRAINT `FK_47FC472AE420DE70` FOREIGN KEY (`order_state_id`) REFERENCES `order_state` (`id`),
  CONSTRAINT `FK_47FC472AE7A1254A` FOREIGN KEY (`contact_id`) REFERENCES `contact` (`id`)
) ENGINE=InnoDB AUTO_INCREMENT=329 DEFAULT CHARSET=utf8mb4 COLLATE=utf8mb4_unicode_ci;
/*!40101 SET character_set_client = @saved_cs_client */;

--
-- Dumping data for table `interaction_history`
--

LOCK TABLES `interaction_history` WRITE;
/*!40000 ALTER TABLE `interaction_history` DISABLE KEYS */;
INSERT INTO `interaction_history` VALUES
(1,1,NULL,2,NULL,NULL,1,2,NULL,NULL,NULL,NULL,'Lead Added ByNadir Delimi','2023-08-27 15:36:13',0,NULL,NULL),
(2,1,NULL,2,NULL,NULL,2,2,NULL,NULL,NULL,NULL,'Lead Added ByNadir Delimi','2023-09-01 14:21:14',0,NULL,NULL),
(3,1,NULL,2,NULL,NULL,3,2,NULL,NULL,NULL,NULL,'Lead Added ByNadir Delimi','2023-09-01 14:30:14',0,NULL,NULL),
(4,1,NULL,2,NULL,NULL,53,2,NULL,NULL,NULL,NULL,'Lead affected to Romeissa Toumi  ByNadir Delimi','2023-09-01 19:04:49',0,NULL,NULL),
(5,1,NULL,2,NULL,NULL,52,2,NULL,NULL,NULL,NULL,'Lead affected to Nour el houda Ourchani  ByNadir Delimi','2023-09-01 19:04:53',0,NULL,NULL),
(6,1,NULL,2,NULL,NULL,51,2,NULL,NULL,NULL,NULL,'Lead affected to Yanis Nait Kaci  ByNadir Delimi','2023-09-01 19:04:57',0,NULL,NULL),
(7,1,NULL,2,NULL,NULL,50,2,NULL,NULL,NULL,NULL,'Lead affected to Nour el houda Ourchani  ByNadir Delimi','2023-09-01 19:05:00',0,NULL,NULL),
(8,1,NULL,2,NULL,NULL,49,2,NULL,NULL,NULL,NULL,'Lead affected to Kaci Hacian  ByNadir Delimi','2023-09-01 19:05:02',0,NULL,NULL),
(9,1,NULL,2,NULL,NULL,48,2,NULL,NULL,NULL,NULL,'Lead affected to Yanis Nait Kaci  ByNadir Delimi','2023-09-01 19:05:06',0,NULL,NULL),
(10,1,NULL,2,NULL,NULL,47,2,NULL,NULL,NULL,NULL,'Lead affected to Nour el houda Ourchani  ByNadir Delimi','2023-09-01 19:05:13',0,NULL,NULL),
(11,1,NULL,2,NULL,NULL,46,2,NULL,NULL,NULL,NULL,'Lead affected to Maya Mimouni  ByNadir Delimi','2023-09-01 19:05:18',0,NULL,NULL),
(12,1,NULL,2,NULL,NULL,45,2,NULL,NULL,NULL,NULL,'Lead affected to Romeissa Toumi  ByNadir Delimi','2023-09-01 19:05:22',0,NULL,NULL),
(13,1,NULL,2,NULL,NULL,44,2,NULL,NULL,NULL,NULL,'Lead affected to Kaci Hacian  ByNadir Delimi','2023-09-01 19:05:27',0,NULL,NULL),
(14,1,NULL,2,NULL,NULL,43,2,NULL,NULL,NULL,NULL,'Lead affected to Yanis Nait Kaci  ByNadir Delimi','2023-09-01 19:06:19',0,NULL,NULL),
(15,1,NULL,2,NULL,NULL,42,2,NULL,NULL,NULL,NULL,'Lead affected to Romeissa Toumi  ByNadir Delimi','2023-09-01 19:06:24',0,NULL,NULL),
(16,1,NULL,2,NULL,NULL,41,2,NULL,NULL,NULL,NULL,'Lead affected to Nour el houda Ourchani  ByNadir Delimi','2023-09-01 19:06:28',0,NULL,NULL),
(17,1,NULL,2,NULL,NULL,40,2,NULL,NULL,NULL,NULL,'Lead affected to Maya Mimouni  ByNadir Delimi','2023-09-01 19:06:33',0,NULL,NULL),
(18,1,NULL,2,NULL,NULL,39,2,NULL,NULL,NULL,NULL,'Lead affected to Abdelhamid Boukahnoun  ByNadir Delimi','2023-09-01 19:06:38',0,NULL,NULL),
(19,1,NULL,2,NULL,NULL,38,2,NULL,NULL,NULL,NULL,'Lead affected to Nadir Delimi  ByNadir Delimi','2023-09-01 19:06:44',0,NULL,NULL),
(20,1,NULL,2,NULL,NULL,37,2,NULL,NULL,NULL,NULL,'Lead affected to Yanis Nait Kaci  ByNadir Delimi','2023-09-01 19:06:58',0,NULL,NULL),
(21,1,NULL,2,NULL,NULL,36,2,NULL,NULL,NULL,NULL,'Lead affected to Nour el houda Ourchani  ByNadir Delimi','2023-09-01 19:07:03',0,NULL,NULL),
(22,1,NULL,2,NULL,NULL,35,2,NULL,NULL,NULL,NULL,'Lead affected to Romeissa Toumi  ByNadir Delimi','2023-09-01 19:07:08',0,NULL,NULL),
(23,1,NULL,2,NULL,NULL,34,2,NULL,NULL,NULL,NULL,'Lead affected to Nour el houda Ourchani  ByNadir Delimi','2023-09-01 19:07:13',0,NULL,NULL),
(24,1,NULL,2,NULL,NULL,33,2,NULL,NULL,NULL,NULL,'Lead affected to Nour el houda Ourchani  ByNadir Delimi','2023-09-01 19:07:20',0,NULL,NULL),
(25,1,NULL,2,NULL,NULL,32,2,NULL,NULL,NULL,NULL,'Lead affected to Romeissa Toumi  ByNadir Delimi','2023-09-01 19:07:27',0,NULL,NULL),
(26,1,NULL,2,NULL,NULL,31,2,NULL,NULL,NULL,NULL,'Lead affected to Romeissa Toumi  ByNadir Delimi','2023-09-01 19:07:33',0,NULL,NULL),
(27,1,NULL,2,NULL,NULL,30,2,NULL,NULL,NULL,NULL,'Lead affected to Nour el houda Ourchani  ByNadir Delimi','2023-09-01 19:07:38',0,NULL,NULL),
(28,1,NULL,2,NULL,NULL,29,2,NULL,NULL,NULL,NULL,'Lead affected to Kaci Hacian  ByNadir Delimi','2023-09-01 19:07:43',0,NULL,NULL),
(29,1,NULL,2,NULL,NULL,28,2,NULL,NULL,NULL,NULL,'Lead affected to Romeissa Toumi  ByNadir Delimi','2023-09-01 19:07:48',0,NULL,NULL),
(30,1,NULL,2,NULL,NULL,27,2,NULL,NULL,NULL,NULL,'Lead affected to Romeissa Toumi  ByNadir Delimi','2023-09-01 19:08:24',0,NULL,NULL),
(31,1,NULL,2,NULL,NULL,26,2,NULL,NULL,NULL,NULL,'Lead affected to Nour el houda Ourchani  ByNadir Delimi','2023-09-01 19:08:41',0,NULL,NULL),
(32,1,NULL,2,NULL,NULL,25,2,NULL,NULL,NULL,NULL,'Lead affected to Yanis Nait Kaci  ByNadir Delimi','2023-09-01 19:08:47',0,NULL,NULL),
(33,1,NULL,2,NULL,NULL,24,2,NULL,NULL,NULL,NULL,'Lead affected to Yanis Nait Kaci  ByNadir Delimi','2023-09-01 19:10:51',0,NULL,NULL),
(34,1,NULL,2,NULL,NULL,23,2,NULL,NULL,NULL,NULL,'Lead affected to Romeissa Toumi  ByNadir Delimi','2023-09-01 19:10:56',0,NULL,NULL),
(35,1,NULL,2,NULL,NULL,22,2,NULL,NULL,NULL,NULL,'Lead affected to Romeissa Toumi  ByNadir Delimi','2023-09-01 19:11:00',0,NULL,NULL),
(36,1,NULL,2,NULL,NULL,21,2,NULL,NULL,NULL,NULL,'Lead affected to Nour el houda Ourchani  ByNadir Delimi','2023-09-01 19:11:06',0,NULL,NULL),
(37,1,NULL,2,NULL,NULL,20,2,NULL,NULL,NULL,NULL,'Lead affected to Yanis Nait Kaci  ByNadir Delimi','2023-09-01 19:11:14',0,NULL,NULL),
(38,1,NULL,2,NULL,NULL,19,2,NULL,NULL,NULL,NULL,'Lead affected to Romeissa Toumi  ByNadir Delimi','2023-09-01 19:11:31',0,NULL,NULL),
(39,1,NULL,2,NULL,NULL,18,2,NULL,NULL,NULL,NULL,'Lead affected to Nour el houda Ourchani  ByNadir Delimi','2023-09-01 19:11:37',0,NULL,NULL),
(40,1,NULL,2,NULL,NULL,17,2,NULL,NULL,NULL,NULL,'Lead affected to Yanis Nait Kaci  ByNadir Delimi','2023-09-01 19:11:41',0,NULL,NULL),
(41,1,NULL,2,NULL,NULL,16,2,NULL,NULL,NULL,NULL,'Lead affected to Kaci Hacian  ByNadir Delimi','2023-09-01 19:11:52',0,NULL,NULL),
(42,1,NULL,2,NULL,NULL,15,2,NULL,NULL,NULL,NULL,'Lead affected to Maya Mimouni  ByNadir Delimi','2023-09-01 19:11:58',0,NULL,NULL),
(43,1,NULL,2,NULL,NULL,14,2,NULL,NULL,NULL,NULL,'Lead affected to Nour el houda Ourchani  ByNadir Delimi','2023-09-01 19:12:04',0,NULL,NULL),
(44,1,NULL,2,NULL,NULL,13,2,NULL,NULL,NULL,NULL,'Lead affected to Romeissa Toumi  ByNadir Delimi','2023-09-01 19:12:10',0,NULL,NULL),
(45,1,NULL,2,NULL,NULL,12,2,NULL,NULL,NULL,NULL,'Lead affected to Kaci Hacian  ByNadir Delimi','2023-09-01 19:12:14',0,NULL,NULL),
(46,1,NULL,2,NULL,NULL,11,2,NULL,NULL,NULL,NULL,'Lead affected to Kaci Hacian  ByNadir Delimi','2023-09-01 19:12:19',0,NULL,NULL),
(47,1,NULL,2,NULL,NULL,10,2,NULL,NULL,NULL,NULL,'Lead affected to Nour el houda Ourchani  ByNadir Delimi','2023-09-01 19:12:23',0,NULL,NULL),
(48,1,NULL,2,NULL,NULL,9,2,NULL,NULL,NULL,NULL,'Lead affected to Yanis Nait Kaci  ByNadir Delimi','2023-09-01 19:12:29',0,NULL,NULL),
(49,1,NULL,2,NULL,NULL,8,2,NULL,NULL,NULL,NULL,'Lead affected to Maya Mimouni  ByNadir Delimi','2023-09-01 19:12:34',0,NULL,NULL),
(50,1,NULL,2,NULL,NULL,7,2,NULL,NULL,NULL,NULL,'Lead affected to Nour el houda Ourchani  ByNadir Delimi','2023-09-01 19:12:37',0,NULL,NULL),
(51,1,NULL,2,NULL,NULL,6,2,NULL,NULL,NULL,NULL,'Lead affected to Nour el houda Ourchani  ByNadir Delimi','2023-09-01 19:12:43',0,NULL,NULL),
(52,1,NULL,2,NULL,NULL,5,2,NULL,NULL,NULL,NULL,'Lead affected to Yanis Nait Kaci  ByNadir Delimi','2023-09-01 19:12:48',0,NULL,NULL),
(53,1,NULL,2,NULL,NULL,4,2,NULL,NULL,NULL,NULL,'Lead affected to Kaci Hacian  ByNadir Delimi','2023-09-01 19:12:54',0,NULL,NULL),
(54,3,3,2,NULL,NULL,1,3,NULL,NULL,NULL,NULL,'Tenetur sunt aut inventore ex alias cupiditate. Iure sit fugiat unde fugiat provident autem saepe. Et voluptate incidunt esse ut placeat incidunt quia.','2023-07-01 05:06:20',0,NULL,NULL),
(55,5,2,2,NULL,NULL,2,3,NULL,NULL,NULL,NULL,'Tenetur sint ducimus dolore voluptatum ut. Voluptatem est asperiores asperiores sit. Suscipit occaecati ea nesciunt blanditiis.','2023-04-18 22:08:09',0,NULL,NULL),
(56,2,2,2,NULL,NULL,2,4,NULL,NULL,NULL,NULL,'Sint omnis impedit magni voluptatem sed quasi. In et recusandae rem quaerat optio quae. Sed nihil aperiam aut sunt quo fuga cupiditate. Delectus qui accusamus et eos asperiores tempora rerum.','2023-06-22 00:05:48',0,NULL,NULL),
(57,3,3,2,NULL,NULL,3,3,NULL,NULL,NULL,NULL,'Dicta et aut amet quod officiis a officiis. Enim est delectus corrupti tempore. Aut debitis totam maxime numquam qui eius.','2023-04-10 20:03:47',0,NULL,NULL),
(58,2,1,2,NULL,NULL,3,4,NULL,NULL,NULL,NULL,'Quasi similique sit consequatur. Quis officiis voluptas et id. Ipsum maiores quis voluptatibus voluptate. Et maiores ratione cum voluptatem.','2023-05-08 08:11:33',0,NULL,NULL),
(59,6,2,2,NULL,NULL,3,5,NULL,NULL,NULL,NULL,'Dolorum eaque aliquid ducimus delectus. Et aliquam quasi aut consequatur. Quibusdam rerum laudantium nemo illo laboriosam.','2023-04-10 03:48:51',0,NULL,NULL),
(60,5,2,2,NULL,NULL,3,6,NULL,NULL,NULL,NULL,'Soluta quas vel id veritatis ratione ducimus. Commodi et dolorem veritatis reiciendis sit. Quae dolores magni neque libero odio ut doloremque aperiam. Repudiandae laboriosam id ratione placeat.','2023-05-21 04:31:58',0,NULL,NULL),
(61,6,5,6,NULL,NULL,4,3,NULL,NULL,NULL,NULL,'Veritatis quia nulla consequatur. Velit molestiae laboriosam quasi fugit et sit. Ea velit qui fuga fuga. Doloremque reiciendis dolor quam vitae.','2023-06-25 07:31:29',0,NULL,NULL),
(62,1,4,6,NULL,NULL,4,4,NULL,NULL,NULL,NULL,'Reiciendis omnis explicabo quam distinctio libero. Est autem aut tempore ducimus recusandae qui sed. Dolorem sunt id nesciunt illo quae ut placeat. Odit dolorem ut voluptas tempora.','2023-05-16 08:32:46',0,NULL,NULL),
(63,4,1,6,NULL,NULL,4,5,NULL,NULL,NULL,NULL,'Molestias velit esse consequatur aut minus velit. Dolor iure quas quo culpa. Molestias veritatis repellat vitae qui ut error consequuntur.','2023-07-31 12:13:56',0,NULL,NULL),
(64,1,1,7,NULL,NULL,5,3,NULL,NULL,NULL,NULL,'Adipisci fuga voluptas aliquam ut. Eum consectetur dolores quo sint sed qui.','2023-07-30 03:19:13',0,NULL,NULL),
(65,5,4,4,NULL,NULL,6,3,NULL,NULL,NULL,NULL,'Vel unde et tempora molestias quos voluptates nisi. Aut eum fugiat laudantium ullam est adipisci praesentium.','2023-04-10 20:30:00',0,NULL,NULL),
(66,5,3,4,NULL,NULL,6,4,NULL,NULL,NULL,NULL,'Illo corporis ipsam sunt provident quo provident quae. Veniam omnis architecto laudantium consequatur repellat sed. Aut itaque aut est a vero molestiae similique consectetur.','2023-02-21 06:04:42',0,NULL,NULL),
(67,3,1,4,NULL,NULL,7,3,NULL,NULL,NULL,NULL,'Unde cum perferendis in ipsam ut laborum quis. Sed voluptas rerum non maiores. Autem molestiae rerum accusamus ipsum error odit velit. Enim adipisci quis et consequatur earum ea error.','2023-07-29 04:57:25',0,NULL,NULL),
(68,6,3,4,NULL,NULL,7,4,NULL,NULL,NULL,NULL,'Molestiae qui at et cupiditate rerum et. Nihil et soluta sit quo. Doloremque est debitis et ullam quo ea vel. Aperiam et voluptatem quibusdam a perspiciatis dolorem deleniti.','2023-07-21 11:57:29',0,NULL,NULL),
(69,6,3,4,NULL,NULL,7,5,NULL,NULL,NULL,NULL,'Quia quia nesciunt qui aperiam. Aut magni et quo numquam consequatur non a. Architecto quis ex excepturi laudantium commodi.','2023-08-09 09:31:48',0,NULL,NULL),
(70,5,4,3,NULL,NULL,8,3,NULL,NULL,NULL,NULL,'Tempore necessitatibus dolorem similique debitis et fugiat. Debitis omnis est molestiae qui. Non quo nihil magnam. Quas magnam inventore sed maiores.','2023-04-15 22:58:03',0,NULL,NULL),
(71,5,3,3,NULL,NULL,8,4,NULL,NULL,NULL,NULL,'Enim rerum dolor sit ut. Ad aut dolorem molestiae voluptatem tenetur. Et eos et earum enim sequi aut. Occaecati tenetur ut maxime pariatur adipisci natus vel.','2023-03-10 07:36:35',0,NULL,NULL),
(72,3,1,3,NULL,NULL,8,5,NULL,NULL,NULL,NULL,'Quas aut quod veritatis cum. Laborum qui qui excepturi nulla ut et optio. Sapiente voluptatem ea hic non sed deserunt rerum. Rem ab similique qui et.','2023-02-02 19:46:52',0,NULL,NULL),
(73,1,2,7,NULL,NULL,9,3,NULL,NULL,NULL,NULL,'Et est aperiam debitis non corrupti. Molestiae dolore voluptatibus in itaque et et quia hic.','2023-08-27 02:30:07',0,NULL,NULL),
(74,6,3,7,NULL,NULL,9,4,NULL,NULL,NULL,NULL,'Magnam accusantium atque sunt illo consequatur. Eveniet dolorum amet vero. Totam non dolores facere a. Ab quaerat magnam deleniti labore.','2023-03-01 17:45:47',0,NULL,NULL),
(75,5,5,7,NULL,NULL,9,5,NULL,NULL,NULL,NULL,'Minima rerum omnis necessitatibus voluptatum. Aut sint illum optio accusantium est est similique quis. Provident saepe velit dolore. Iste aut saepe et.','2023-08-24 21:25:12',0,NULL,NULL),
(76,5,3,4,NULL,NULL,10,3,NULL,NULL,NULL,NULL,'Corporis ipsam sit necessitatibus velit. Sint sunt explicabo dignissimos deserunt maiores. Beatae sunt exercitationem dolorum quasi quo.','2023-04-12 09:25:36',0,NULL,NULL),
(77,1,3,4,NULL,NULL,10,4,NULL,NULL,NULL,NULL,'Modi dolores est expedita magni cumque aut unde unde. Laudantium error reiciendis tempore velit nesciunt. Doloribus fuga qui est fugiat odit assumenda.','2023-02-10 16:37:18',0,NULL,NULL),
(78,2,5,4,NULL,NULL,10,5,NULL,NULL,NULL,NULL,'Qui occaecati ex deleniti eos sed impedit. Asperiores consequatur commodi earum error in soluta omnis. Velit qui eius qui at aut facere minus. Saepe quia delectus minima consequatur nulla distinctio.','2023-07-06 15:16:27',0,NULL,NULL),
(79,6,4,6,NULL,NULL,11,3,NULL,NULL,NULL,NULL,'Asperiores omnis labore beatae eligendi aspernatur qui. Odit qui et vero. Nulla repudiandae pariatur id iusto dolores.','2023-07-02 10:13:16',0,NULL,NULL),
(80,5,2,6,NULL,NULL,11,4,NULL,NULL,NULL,NULL,'Nemo voluptatibus necessitatibus et cupiditate ut nihil est. Cum quis omnis porro id necessitatibus. Ea dolor voluptatem cum eligendi.','2023-03-03 16:56:15',0,NULL,NULL),
(81,1,3,6,NULL,NULL,12,3,NULL,NULL,NULL,NULL,'Sunt blanditiis neque id. Non ipsa corrupti odio in fugiat quos iure. Et nemo facilis sunt est nihil.','2023-06-04 08:23:43',0,NULL,NULL),
(82,3,3,6,NULL,NULL,12,4,NULL,NULL,NULL,NULL,'Repudiandae corrupti exercitationem cumque perferendis rerum nihil ut. Sit vel quod error. Omnis ut impedit itaque quisquam et hic voluptatem nam.','2023-07-28 20:00:18',0,NULL,NULL),
(83,2,5,5,NULL,NULL,13,3,NULL,NULL,NULL,NULL,'Eaque ut enim est omnis molestiae autem. Possimus omnis autem perferendis aperiam provident possimus. Labore fugit sunt ea qui vitae nesciunt.','2023-08-27 18:08:52',0,NULL,NULL),
(84,1,2,5,NULL,NULL,13,4,NULL,NULL,NULL,NULL,'Quisquam eos odit et dolor quisquam maiores ratione. Veritatis est debitis vel est vero voluptas ea. Atque at doloremque similique possimus. Recusandae dolor molestiae dicta assumenda.','2023-02-18 12:01:58',0,NULL,NULL),
(85,4,1,5,NULL,NULL,13,5,NULL,NULL,NULL,NULL,'Deserunt eos deserunt omnis sequi nam dicta qui officia. Et molestiae similique praesentium accusamus sit hic ratione porro. Quod quisquam at et et optio nulla. Consequatur voluptas nisi repellendus.','2023-01-30 08:55:08',0,NULL,NULL),
(86,2,5,4,NULL,NULL,14,3,NULL,NULL,NULL,NULL,'Fugit numquam id et non. Porro iusto omnis eius nesciunt. Quam non aut repellendus incidunt sed quis quam distinctio. Tempore voluptatem quaerat autem. Quisquam provident quis numquam maxime.','2023-07-06 00:04:36',0,NULL,NULL),
(87,5,2,3,NULL,NULL,15,3,NULL,NULL,NULL,NULL,'Voluptatem consectetur voluptatibus nisi. Officiis et harum cupiditate omnis doloremque ea placeat. Beatae vel sit consectetur qui assumenda exercitationem.','2023-02-03 16:00:33',0,NULL,NULL),
(88,5,4,3,NULL,NULL,15,4,NULL,NULL,NULL,NULL,'Voluptatem architecto praesentium veniam assumenda dicta. Rem dolorum quam quod dolores omnis saepe consequatur. Eum id non impedit.','2023-05-07 19:41:48',0,NULL,NULL),
(89,3,3,3,NULL,NULL,15,5,NULL,NULL,NULL,NULL,'Atque eligendi rerum explicabo deleniti dolor consequatur. Est maxime ad quia commodi aliquam exercitationem. Fugit dolor voluptates amet earum aperiam eius.','2023-03-04 21:14:50',0,NULL,NULL),
(90,4,4,3,NULL,NULL,15,6,NULL,NULL,NULL,NULL,'Est maiores vel consequatur aut delectus sed. Velit voluptate pariatur aspernatur odit. Nam id ea inventore blanditiis velit. Autem quo dolores dolorem dolores est voluptates molestias.','2023-08-30 10:23:35',0,NULL,NULL),
(91,1,1,6,NULL,NULL,16,3,NULL,NULL,NULL,NULL,'Id illum ea dolorem dolor est cupiditate voluptas. Ut exercitationem odit corrupti incidunt aut error autem quam.','2023-08-17 09:53:05',0,NULL,NULL),
(92,5,3,6,NULL,NULL,16,4,NULL,NULL,NULL,NULL,'Accusantium molestias doloribus eaque et et. Dolor facere consequatur in sit neque non dolores asperiores. Eum velit ea qui. Eius temporibus ratione accusantium ut.','2023-07-04 02:46:59',0,NULL,NULL),
(93,1,1,6,NULL,NULL,16,5,NULL,NULL,NULL,NULL,'Ea quia sit voluptatem doloremque ut dicta. Saepe odit et porro accusamus laboriosam numquam. Dolor ut excepturi maiores eos atque est est. Sunt est aut fugiat dicta ipsam autem.','2023-02-18 09:58:16',0,NULL,NULL),
(94,2,2,6,NULL,NULL,16,6,NULL,NULL,NULL,NULL,'Assumenda occaecati vitae deserunt ab rerum sit. Inventore similique sunt et accusamus. Repellat sit magni totam in excepturi id.','2023-08-07 11:44:47',0,NULL,NULL),
(95,6,4,7,NULL,NULL,17,3,NULL,NULL,NULL,NULL,'Atque eligendi id est vitae et. Consectetur odit in totam est. Aut et et voluptatem non. Iusto quidem sit et impedit praesentium debitis.','2023-07-05 02:36:36',0,NULL,NULL),
(96,5,4,7,NULL,NULL,17,4,NULL,NULL,NULL,NULL,'Ut molestiae explicabo libero esse quam. Quia consequatur sed sint dignissimos magni est. Sit vitae tempora harum iure voluptatibus quibusdam qui.','2023-04-16 22:35:07',0,NULL,NULL),
(97,1,4,4,NULL,NULL,18,3,NULL,NULL,NULL,NULL,'Saepe id ut ut in et. Aut aliquam ut soluta vero accusamus aut. Qui dolores vel aut ea veritatis dolor ipsam. Sequi est repudiandae quidem incidunt eligendi amet quidem assumenda.','2023-02-20 21:26:42',0,NULL,NULL),
(98,6,5,4,NULL,NULL,18,4,NULL,NULL,NULL,NULL,'Voluptatum rerum tempora et distinctio sint dolorem soluta. Non aperiam molestiae ea id molestiae qui. Beatae maiores qui quo non sed occaecati aliquid.','2023-03-19 09:48:49',0,NULL,NULL),
(99,2,1,5,NULL,NULL,19,3,NULL,NULL,NULL,NULL,'Id consequatur nesciunt quo dolor asperiores doloribus facere. Odit minus magni quas accusamus accusantium ad. Quia dolorum quia et consequatur.','2023-08-01 05:25:14',0,NULL,NULL),
(100,1,3,5,NULL,NULL,19,4,NULL,NULL,NULL,NULL,'Est natus eum earum ut. Et et quas hic. Dolores voluptas et dolorem. Nemo autem ducimus deleniti. Illum ut nesciunt veritatis nulla ea.','2023-06-28 17:09:28',0,NULL,NULL),
(101,2,4,5,NULL,NULL,19,5,NULL,NULL,NULL,NULL,'Non atque velit animi sit id sed officia eius. Maxime facere mollitia eos accusantium nostrum. Tempore suscipit quibusdam eius.','2023-04-21 23:37:57',0,NULL,NULL),
(102,5,5,7,NULL,NULL,20,3,NULL,NULL,NULL,NULL,'Rem voluptatibus fugit in dicta. Consequuntur nulla voluptatem consectetur molestias quidem aliquid. Suscipit molestiae labore incidunt ipsa nulla voluptate.','2023-06-12 00:44:38',0,NULL,NULL),
(103,5,5,7,NULL,NULL,20,4,NULL,NULL,NULL,NULL,'Id tempora aliquid dolorem a maxime et fugit. Nulla et inventore sed facere. Atque dolorum asperiores quia natus non aliquam.','2023-02-15 18:57:18',0,NULL,NULL),
(104,2,3,7,NULL,NULL,20,5,NULL,NULL,NULL,NULL,'Eaque aut explicabo provident aut et exercitationem sint. Itaque eos maxime consequuntur perspiciatis quasi. Aut aut ex esse culpa.','2023-06-04 21:52:38',0,NULL,NULL),
(105,6,5,4,NULL,NULL,21,3,NULL,NULL,NULL,NULL,'Molestiae vitae aut alias odit iure. Hic sunt commodi eveniet quo voluptatem qui. Provident sequi perferendis sint eos labore. Ullam ratione quis quia nemo.','2023-03-18 09:47:54',0,NULL,NULL),
(106,6,2,4,NULL,NULL,21,4,NULL,NULL,NULL,NULL,'Sequi et sequi aut quia numquam temporibus nobis repudiandae. Sed sed laudantium mollitia. Qui accusantium doloremque quia rerum. Accusantium qui eum cum voluptatem dignissimos quam.','2023-08-12 20:35:40',0,NULL,NULL),
(107,4,2,4,NULL,NULL,21,5,NULL,NULL,NULL,NULL,'Architecto quas voluptatem molestiae modi animi quod magni. Id enim dolorem esse vel autem ut. Aliquid cumque sit dolores omnis. Optio et perferendis sit.','2023-08-29 06:55:02',0,NULL,NULL),
(108,4,2,5,NULL,NULL,22,3,NULL,NULL,NULL,NULL,'Doloribus id ipsum fuga et. Magnam nobis asperiores aut accusamus.','2023-03-04 20:13:21',0,NULL,NULL),
(109,3,1,5,NULL,NULL,22,4,NULL,NULL,NULL,NULL,'Praesentium odio ut ipsam voluptas sed. Nulla ea id qui eum et. Est sapiente voluptas odio possimus eligendi. A laudantium aut esse modi.','2023-02-14 08:01:53',0,NULL,NULL),
(110,1,4,5,NULL,NULL,22,5,NULL,NULL,NULL,NULL,'At voluptate nulla a voluptatem rem occaecati sapiente. Sequi sed veniam non aut aut nemo consequatur. Voluptas dicta culpa hic autem quisquam nisi iste.','2023-01-28 20:37:03',0,NULL,NULL),
(111,4,4,5,NULL,NULL,23,3,NULL,NULL,NULL,NULL,'Est deleniti minus natus odio iure eligendi. Ab placeat officia placeat architecto quae a. Velit voluptatem totam iure ipsum consequatur qui.','2023-02-17 03:22:43',0,NULL,NULL),
(112,3,5,7,NULL,NULL,24,3,NULL,NULL,NULL,NULL,'Et quo eaque soluta eum. Qui magnam fugiat laudantium sunt modi. Neque quis necessitatibus omnis sunt. Nisi aperiam ratione praesentium est maiores.','2023-08-10 08:53:47',0,NULL,NULL),
(113,1,2,7,NULL,NULL,24,4,NULL,NULL,NULL,NULL,'Ipsa pariatur est deserunt rerum ullam deserunt. Iusto atque dolorem ratione est modi. Est aliquam aliquam et dolores aut maxime modi libero. Ut esse sapiente minima dolores dolorem.','2023-08-01 08:18:25',0,NULL,NULL),
(114,3,4,7,NULL,NULL,24,5,NULL,NULL,NULL,NULL,'Eum ex accusamus et. Non optio quos minus odit alias ipsam quia.','2023-07-17 20:14:49',0,NULL,NULL),
(115,5,4,7,NULL,NULL,24,6,NULL,NULL,NULL,NULL,'Illum sapiente aut consequatur. Adipisci et voluptates optio id. Consequatur eos quod quis ut velit alias non delectus. Cum qui consequatur soluta beatae qui.','2023-04-05 14:41:59',0,NULL,NULL),
(116,2,1,7,NULL,NULL,25,3,NULL,NULL,NULL,NULL,'Repellat aperiam odit ut animi quod quasi saepe. Aliquid ea hic modi alias ullam. Qui molestias ut et voluptas. Et atque vel velit et mollitia.','2023-07-25 11:33:49',0,NULL,NULL),
(117,1,3,7,NULL,NULL,25,4,NULL,NULL,NULL,NULL,'Vel quasi aut aliquam non. Minus sint voluptas voluptatum. Aut explicabo non nihil aut et.','2023-05-01 07:12:06',0,NULL,NULL),
(118,2,4,4,NULL,NULL,26,3,NULL,NULL,NULL,NULL,'Enim exercitationem et illo voluptatibus quis consectetur nihil. Facilis aut laudantium et occaecati officia. Porro sed quia voluptates voluptatum voluptates nihil.','2023-05-14 09:23:21',0,NULL,NULL),
(119,6,2,4,NULL,NULL,26,4,NULL,NULL,NULL,NULL,'Odio ducimus sit debitis voluptas eius. Culpa voluptatem ut natus est iure. Molestiae repudiandae autem dicta nisi.','2023-05-03 05:12:35',0,NULL,NULL),
(120,2,3,4,NULL,NULL,26,5,NULL,NULL,NULL,NULL,'Magni odit aliquid sequi explicabo. Suscipit et voluptas cumque. Dolorem est asperiores quia dolorem inventore a. Est qui aliquid fuga quia modi. Vel delectus consequatur consequatur occaecati.','2023-07-09 17:16:19',0,NULL,NULL),
(121,2,2,4,NULL,NULL,26,6,NULL,NULL,NULL,NULL,'Tempora officiis labore unde. Voluptas aut adipisci rerum quia. Quos aut a omnis aut dolor ea. Recusandae explicabo nihil recusandae.','2023-08-03 11:29:34',0,NULL,NULL),
(122,2,2,5,NULL,NULL,27,3,NULL,NULL,NULL,NULL,'Maiores ab assumenda ducimus eos id consectetur reprehenderit. Velit repudiandae labore non praesentium alias amet molestiae aut. Voluptate sed vero quod eos enim consequatur dolore.','2023-06-27 03:06:38',0,NULL,NULL),
(123,3,5,5,NULL,NULL,28,3,NULL,NULL,NULL,NULL,'Velit in omnis aliquid odit id. Sunt labore soluta iusto sed. Eos et asperiores sed fugiat quasi iste tempora nostrum. Itaque id adipisci expedita veritatis commodi adipisci.','2023-07-12 17:06:56',0,NULL,NULL),
(124,4,1,6,NULL,NULL,29,3,NULL,NULL,NULL,NULL,'Veniam aut vero maxime rerum eligendi. Est nostrum voluptas amet voluptas exercitationem aut. Nemo ut ea ea ab qui sapiente.','2023-03-21 07:23:03',0,NULL,NULL),
(125,5,4,6,NULL,NULL,29,4,NULL,NULL,NULL,NULL,'Officiis officia fugit eveniet quis amet nihil. Et suscipit odit asperiores minima explicabo delectus. Magni voluptatibus pariatur fugit atque excepturi. Ut harum assumenda hic itaque et quasi et.','2023-05-13 15:10:47',0,NULL,NULL),
(126,5,2,6,NULL,NULL,29,5,NULL,NULL,NULL,NULL,'Ab illum eos minima amet. Eos libero repellendus est ut. Quod atque hic cum delectus velit repellat. Est officia et vel in. Ex quos hic dolore sapiente.','2023-04-13 17:43:27',0,NULL,NULL),
(127,4,5,6,NULL,NULL,29,6,NULL,NULL,NULL,NULL,'Similique quos vitae necessitatibus atque. Sit praesentium alias aliquid cumque et molestias velit. Aut labore quia sed distinctio delectus ut veritatis.','2023-04-30 22:47:47',0,NULL,NULL),
(128,4,3,4,NULL,NULL,30,3,NULL,NULL,NULL,NULL,'Ullam id rerum esse id. Corrupti aspernatur ad sed ducimus corporis. Inventore rerum quaerat ipsum.','2023-04-04 00:24:55',0,NULL,NULL),
(129,3,4,4,NULL,NULL,30,4,NULL,NULL,NULL,NULL,'Ipsum non reiciendis pariatur non. Perferendis deleniti autem eum rem reprehenderit dicta labore tempora. Qui architecto amet neque sapiente corporis.','2023-03-30 23:35:01',0,NULL,NULL),
(130,6,4,4,NULL,NULL,30,5,NULL,NULL,NULL,NULL,'Nisi reprehenderit perspiciatis qui cumque aspernatur. Officia quo neque ut quibusdam sequi. Assumenda architecto assumenda ut.','2023-03-21 03:20:09',0,NULL,NULL),
(131,1,5,5,NULL,NULL,31,3,NULL,NULL,NULL,NULL,'Accusamus sit voluptatem ut velit dolorem suscipit. Deleniti voluptatem rerum aut asperiores provident. Molestias et aperiam aut harum. Dolor nam est necessitatibus quia dolorem minus.','2023-04-30 05:48:55',0,NULL,NULL),
(132,6,5,5,NULL,NULL,31,4,NULL,NULL,NULL,NULL,'Vitae qui rerum eius mollitia. Officiis quia numquam a labore quia impedit. Nisi odio magnam doloremque iure. Soluta explicabo eveniet aut accusantium tempore voluptate.','2023-05-29 09:15:46',0,NULL,NULL),
(133,1,5,5,NULL,NULL,31,5,NULL,NULL,NULL,NULL,'Vel nulla dolores esse enim provident. Repellat repellat voluptatem consequatur vel dignissimos iusto. Laudantium et quibusdam voluptas. Temporibus possimus architecto facere inventore non.','2023-06-20 14:41:14',0,NULL,NULL),
(134,6,5,5,NULL,NULL,31,6,NULL,NULL,NULL,NULL,'Aut inventore eum et sit. Expedita ullam et sit quibusdam tempora. Aut nobis qui possimus dolores. Autem eum cum in itaque maxime recusandae inventore dolor. Deleniti dignissimos est blanditiis est.','2023-06-17 20:04:05',0,NULL,NULL),
(135,5,1,5,NULL,NULL,32,3,NULL,NULL,NULL,NULL,'Praesentium in dolorem quia nihil quo ut aliquid. Et qui ut soluta et. Explicabo sint et quo eligendi dicta possimus totam. Dolores aliquid nesciunt nostrum dolor ipsa placeat eligendi.','2023-06-09 16:18:40',0,NULL,NULL),
(136,4,2,5,NULL,NULL,32,4,NULL,NULL,NULL,NULL,'Quia soluta quas quis aut in et. Saepe eos totam debitis consequatur et ut impedit laborum. Sed quis consectetur corporis similique quia et quos. Dolorem sint aliquam dolor non non explicabo aut.','2023-05-20 18:49:57',0,NULL,NULL),
(137,5,2,4,NULL,NULL,33,3,NULL,NULL,NULL,NULL,'Voluptatem tenetur optio in beatae eos quia aperiam nemo. Ullam consequuntur nam perspiciatis omnis eveniet reiciendis. Quidem nostrum consequatur ipsum quo consequatur quidem.','2023-02-23 21:40:55',0,NULL,NULL),
(138,4,3,4,NULL,NULL,34,3,NULL,NULL,NULL,NULL,'Odio molestias inventore unde odit fugiat consectetur. Nesciunt aliquid expedita sed velit est. Voluptatem sed dolorum quia similique totam.','2023-02-20 13:02:13',0,NULL,NULL),
(139,6,1,4,NULL,NULL,34,4,NULL,NULL,NULL,NULL,'Temporibus similique ut nihil ut et maxime eum ipsam. Quis aut atque a non quia facilis unde. Dolorem aliquid libero similique est maxime.','2023-01-21 08:11:28',0,NULL,NULL),
(140,5,5,5,NULL,NULL,35,3,NULL,NULL,NULL,NULL,'Quidem perferendis repellendus minus iusto consequatur. Qui labore voluptas qui id nobis tempora voluptatem. Est fugiat repudiandae a impedit. Quis occaecati et ipsum mollitia.','2023-02-08 05:14:19',0,NULL,NULL),
(141,6,5,5,NULL,NULL,35,4,NULL,NULL,NULL,NULL,'Ea eum quis facilis consequatur. A eum est dicta veniam. Optio tempore voluptates quas corrupti ut. Hic aspernatur eligendi aliquid in quis laborum.','2023-04-14 17:41:27',0,NULL,NULL),
(142,1,3,5,NULL,NULL,35,5,NULL,NULL,NULL,NULL,'Eius est minus nam qui earum. Vero velit adipisci et veniam aut saepe. Soluta vel veritatis deserunt ipsum beatae architecto qui.','2023-08-20 05:34:16',0,NULL,NULL),
(143,2,1,4,NULL,NULL,36,3,NULL,NULL,NULL,NULL,'Veniam et vero earum perferendis dolor ipsam ad asperiores. Sunt at placeat dolorem et aliquid occaecati. Ratione modi rerum sit sed. Qui quia esse distinctio nulla.','2023-05-31 07:38:53',0,NULL,NULL),
(144,6,4,4,NULL,NULL,36,4,NULL,NULL,NULL,NULL,'Reprehenderit tenetur facilis omnis quia nesciunt voluptatem necessitatibus. Sunt sequi debitis quibusdam at mollitia vel dolorem. Unde debitis aperiam cumque iure rem provident.','2023-01-29 15:51:41',0,NULL,NULL),
(145,1,4,4,NULL,NULL,36,5,NULL,NULL,NULL,NULL,'Quis error et debitis consequuntur eligendi. Quasi aut rerum et et velit est velit. Ullam soluta et blanditiis dolores dolor nobis fugiat.','2023-06-16 10:50:22',0,NULL,NULL),
(146,3,1,4,NULL,NULL,36,6,NULL,NULL,NULL,NULL,'Voluptatem tempora et ut. Libero est repellendus perferendis omnis voluptas ut. Harum aut dolor et est modi provident sit.','2023-03-15 20:01:21',0,NULL,NULL),
(147,6,5,7,NULL,NULL,37,3,NULL,NULL,NULL,NULL,'Sint et voluptatem nam quo quas. Odit ab deserunt facilis omnis minima esse quibusdam aut. Omnis consequatur atque minima sunt est quae.','2023-07-03 11:42:56',0,NULL,NULL),
(148,4,1,7,NULL,NULL,37,4,NULL,NULL,NULL,NULL,'Et aut enim rerum voluptatem ut. Provident accusantium est officiis sed et molestiae nulla. Unde sint sit omnis natus sint.','2023-07-22 07:48:40',0,NULL,NULL),
(149,3,4,7,NULL,NULL,37,5,NULL,NULL,NULL,NULL,'Aut aspernatur quasi enim libero. Omnis alias illum incidunt maiores reiciendis. Quo sunt esse excepturi quia dicta nisi recusandae.','2023-07-30 05:42:40',0,NULL,NULL),
(150,3,4,7,NULL,NULL,37,6,NULL,NULL,NULL,NULL,'Beatae sunt perspiciatis ut at. Voluptas fuga libero unde ut exercitationem impedit iure error.','2023-04-07 19:56:12',0,NULL,NULL),
(151,3,1,2,NULL,NULL,38,3,NULL,NULL,NULL,NULL,'Est et ut enim corporis aut. Debitis ipsa cupiditate veniam voluptatibus quos provident suscipit. Omnis odit explicabo consequatur eveniet temporibus.','2023-02-06 12:30:57',0,NULL,NULL),
(152,2,4,2,NULL,NULL,38,4,NULL,NULL,NULL,NULL,'Dolor adipisci dolorem rerum odit vel repellat. Quidem unde exercitationem rerum voluptas. Maiores quidem recusandae ipsa soluta corporis ut. Error eveniet nobis asperiores reiciendis iste eaque.','2023-08-20 22:54:48',0,NULL,NULL),
(153,3,5,2,NULL,NULL,38,5,NULL,NULL,NULL,NULL,'Sunt dolore dolores vel inventore et facilis quia. Voluptatem minus eaque magni sed aut in asperiores occaecati. Et commodi ea ut asperiores. Non sit quaerat illo ipsum quos.','2023-01-01 02:32:17',0,NULL,NULL),
(154,1,2,8,NULL,NULL,39,3,NULL,NULL,NULL,NULL,'Officia dicta et ipsum tenetur perspiciatis sapiente incidunt neque. Sapiente et hic fugit eligendi. Fugit eaque vel doloribus fugit. Tempora et voluptas quaerat tempora facere dolorem.','2023-08-18 01:01:37',0,NULL,NULL),
(155,5,1,3,NULL,NULL,40,3,NULL,NULL,NULL,NULL,'Quod eius unde provident velit. Nostrum iure aliquam alias qui recusandae eos est modi. Veritatis porro autem placeat saepe. Voluptatem totam temporibus nemo repellendus ea eos.','2023-08-19 16:37:54',0,NULL,NULL),
(156,6,4,3,NULL,NULL,40,4,NULL,NULL,NULL,NULL,'Dicta molestiae veniam ea modi illum eum. Accusantium dolorem fugiat quia asperiores maiores. Necessitatibus sint voluptatem deserunt. Accusamus eum pariatur et id et iure.','2023-01-22 08:27:28',0,NULL,NULL),
(157,1,3,4,NULL,NULL,41,3,NULL,NULL,NULL,NULL,'Quia sed vel dicta quam ipsa odit perspiciatis. Nemo sed repudiandae asperiores aperiam et ad. Voluptas vel assumenda et nam veniam. Hic amet voluptates molestiae tempore.','2023-07-27 01:46:39',0,NULL,NULL),
(158,2,2,4,NULL,NULL,41,4,NULL,NULL,NULL,NULL,'Porro voluptatem tempore quaerat. Voluptatem enim qui mollitia molestiae error vitae deserunt. Velit voluptates error itaque perspiciatis beatae.','2023-05-15 22:53:52',0,NULL,NULL),
(159,2,5,4,NULL,NULL,41,5,NULL,NULL,NULL,NULL,'Et sint fugit magni sit assumenda. Veritatis accusantium laborum voluptatem est. Quos est blanditiis ea placeat natus placeat voluptas. Officia quae rerum error nostrum.','2023-04-10 13:36:56',0,NULL,NULL),
(160,1,3,5,NULL,NULL,42,3,NULL,NULL,NULL,NULL,'Est tempora aut dolorum quia cum. Vitae eaque atque odit quaerat et perferendis dolore doloremque. A non et velit commodi beatae.','2023-06-28 07:41:35',0,NULL,NULL),
(161,5,5,5,NULL,NULL,42,4,NULL,NULL,NULL,NULL,'Rerum nulla vel asperiores magni mollitia ratione veniam mollitia. Rerum qui explicabo repellat quo ut a.','2023-05-19 17:17:00',0,NULL,NULL),
(162,2,3,7,NULL,NULL,43,3,NULL,NULL,NULL,NULL,'Velit aut ratione est veritatis laboriosam. Nesciunt inventore perspiciatis soluta modi. Fugiat voluptas nam modi eum cum velit. Repellendus atque occaecati aut molestias ut.','2023-01-19 15:07:50',0,NULL,NULL),
(163,3,1,6,NULL,NULL,44,3,NULL,NULL,NULL,NULL,'Debitis qui dolorum doloribus aut officiis excepturi. Assumenda sit rem id dolorem quia commodi. Et ipsa accusantium deserunt eius natus distinctio. Ab ipsum quo doloremque porro incidunt molestiae.','2023-07-28 23:19:43',0,NULL,NULL),
(164,3,4,6,NULL,NULL,44,4,NULL,NULL,NULL,NULL,'Enim harum id consequatur voluptates. Beatae reiciendis sint repudiandae ea magni at corrupti. Ut tempora iste expedita dolore voluptatibus consequuntur nulla ut.','2023-07-05 13:19:11',0,NULL,NULL),
(165,5,2,5,NULL,NULL,45,3,NULL,NULL,NULL,NULL,'Suscipit maiores est mollitia et. Voluptatibus rerum sapiente labore accusantium id quasi dolores. Eos soluta aut eum quis at esse. Sed laborum molestias aut in facere vel.','2023-06-18 10:05:12',0,NULL,NULL),
(166,1,5,5,NULL,NULL,45,4,NULL,NULL,NULL,NULL,'Omnis quae expedita quasi. Quos non incidunt numquam nihil. Voluptatem sit totam et culpa.','2023-06-19 23:14:21',0,NULL,NULL),
(167,5,1,5,NULL,NULL,45,5,NULL,NULL,NULL,NULL,'Sed et placeat eos quis. Et minima voluptas nihil ducimus. Vel molestiae adipisci perferendis accusamus. Inventore voluptatem repudiandae adipisci cupiditate enim non voluptatibus.','2023-06-06 09:02:15',0,NULL,NULL),
(168,2,1,3,NULL,NULL,46,3,NULL,NULL,NULL,NULL,'Rerum enim aut tempora incidunt ab aut. Rerum sed et maiores aut. Nesciunt voluptatem temporibus perspiciatis sit et reprehenderit ipsa. Esse sed aut similique eaque est explicabo.','2023-02-23 09:00:29',0,NULL,NULL),
(169,4,1,3,NULL,NULL,46,4,NULL,NULL,NULL,NULL,'Ad sed aut architecto quia magni quia. Ducimus nisi in laborum magni dolore quia libero. Reiciendis illo placeat magni illo nemo dolorem qui. Hic autem et quia commodi sed iste sit.','2023-05-17 07:34:03',0,NULL,NULL),
(170,4,4,3,NULL,NULL,46,5,NULL,NULL,NULL,NULL,'Voluptatem dignissimos enim ratione aspernatur. Id impedit optio unde fuga dolorem eveniet ab.','2023-07-26 21:58:24',0,NULL,NULL),
(171,6,3,4,NULL,NULL,47,3,NULL,NULL,NULL,NULL,'Sed porro qui qui dolore ipsum sit. Sit velit ipsa eligendi architecto. Rerum est nostrum quam. Fuga alias aut quasi repudiandae illum recusandae cum autem.','2023-04-20 11:58:11',0,NULL,NULL),
(172,4,5,7,NULL,NULL,48,3,NULL,NULL,NULL,NULL,'Asperiores omnis voluptatibus quisquam fugit sint. Dolor saepe ut rerum soluta autem fuga assumenda. Commodi dolorem vel et voluptatum nesciunt consequatur. Velit quasi sed officia est sit.','2023-04-05 15:39:03',0,NULL,NULL),
(173,2,4,7,NULL,NULL,48,4,NULL,NULL,NULL,NULL,'Neque vitae et soluta non hic praesentium laborum. Labore itaque magni odit molestiae doloremque. Aspernatur voluptatem autem et rerum reprehenderit qui eaque. Earum nihil nemo tenetur at.','2023-04-10 22:00:00',0,NULL,NULL),
(174,1,2,7,NULL,NULL,48,5,NULL,NULL,NULL,NULL,'Quas sequi architecto dolor quo magni quis. Sint reiciendis nobis id. Accusantium repellendus debitis est veritatis veritatis voluptatum qui.','2023-05-18 07:19:11',0,NULL,NULL),
(175,5,5,7,NULL,NULL,48,6,NULL,NULL,NULL,NULL,'Dolorem dicta magni omnis odit dolores repellat. Facilis necessitatibus quo dolor ut cum vitae et. Veniam assumenda rerum fugiat nihil. Et rem culpa voluptas nam sit magnam consequatur.','2023-05-02 21:21:27',0,NULL,NULL),
(176,4,4,6,NULL,NULL,49,3,NULL,NULL,NULL,NULL,'Exercitationem placeat dolores voluptatibus quidem fugit dolores. Voluptas non minima sunt voluptate dolorum. Ad sequi fugit dolorum provident enim.','2023-04-07 16:10:21',0,NULL,NULL),
(177,1,3,6,NULL,NULL,49,4,NULL,NULL,NULL,NULL,'Aut quidem architecto quisquam soluta iure. Provident perspiciatis dolorem tempore harum doloremque. Error non minus sapiente excepturi. Voluptatum rerum excepturi sunt provident et.','2023-07-26 03:08:27',0,NULL,NULL),
(178,2,4,6,NULL,NULL,49,5,NULL,NULL,NULL,NULL,'Eos non non eveniet iure et repudiandae amet. Qui et ea laborum iure saepe. Fugit possimus fugit officia omnis soluta sapiente voluptatibus. Doloremque ab nobis consequuntur inventore ut dolore.','2023-05-17 11:06:29',0,NULL,NULL),
(179,5,1,4,NULL,NULL,50,3,NULL,NULL,NULL,NULL,'Quidem est fugiat doloribus id maxime eligendi nulla. Voluptatum quidem labore quia et. Qui ipsam corporis non veritatis ea excepturi expedita.','2023-08-28 20:03:26',0,NULL,NULL),
(180,5,2,4,NULL,NULL,50,4,NULL,NULL,NULL,NULL,'Neque et vel qui. Ea magni ex aut unde quis suscipit. Delectus dolor eos beatae illum.','2023-01-30 14:45:57',0,NULL,NULL),
(181,1,3,4,NULL,NULL,50,5,NULL,NULL,NULL,NULL,'Fugit consectetur qui magni hic similique aliquam. Error consequatur illum sit. Ut odit nemo sed ut non quibusdam. Beatae nihil sunt ducimus porro aut nam qui.','2023-08-25 03:52:29',0,NULL,NULL),
(182,1,4,7,NULL,NULL,51,3,NULL,NULL,NULL,NULL,'Excepturi at voluptas a. Perspiciatis corporis fuga minima voluptatibus quas eaque et. Suscipit qui harum quaerat sit inventore. Beatae consectetur sed deleniti eaque velit esse ratione.','2023-04-26 12:34:39',0,NULL,NULL),
(183,2,1,7,NULL,NULL,51,4,NULL,NULL,NULL,NULL,'Occaecati corporis itaque aut accusantium id. Necessitatibus rerum quia iste quo perspiciatis est recusandae. At tempora voluptates dolor quae.','2023-01-29 09:40:09',0,NULL,NULL),
(184,3,1,4,NULL,NULL,52,3,NULL,NULL,NULL,NULL,'Laudantium adipisci et qui deserunt dicta. Aliquam possimus ut sed praesentium et ut est doloremque. Consequuntur exercitationem quasi qui libero reiciendis.','2023-04-08 05:44:54',0,NULL,NULL),
(185,6,1,4,NULL,NULL,52,4,NULL,NULL,NULL,NULL,'Ipsa maiores commodi sint eligendi. Voluptas ut modi nihil. Beatae delectus rem hic error animi beatae hic.','2023-04-09 04:47:46',0,NULL,NULL),
(186,1,4,4,NULL,NULL,52,5,NULL,NULL,NULL,NULL,'Dolorum aspernatur reprehenderit deleniti aut numquam vel voluptate. Quis ea ut nulla rem aut. Qui reprehenderit quis sit sapiente earum deleniti iusto.','2023-06-08 16:18:06',0,NULL,NULL),
(187,2,3,5,NULL,NULL,53,3,NULL,NULL,NULL,NULL,'Ipsa debitis aut quasi amet. Sint velit vel maiores a incidunt et quas culpa. Laudantium et fugit atque repellendus ex quis quod accusantium.','2023-02-11 15:50:55',0,NULL,NULL),
(188,2,5,2,NULL,NULL,1,3,NULL,NULL,NULL,NULL,'Veniam inventore et unde facere beatae consequuntur aut. In omnis voluptatibus quaerat ullam hic voluptas. Et minima minus sunt nam.','2023-07-21 04:41:13',0,NULL,NULL),
(189,2,4,2,NULL,NULL,1,4,NULL,NULL,NULL,NULL,'Molestias rerum est itaque velit maiores repellendus quo doloribus. Rerum est dolor et est sint. Perferendis illum hic est ut et. Omnis exercitationem deserunt quas ipsa est asperiores.','2023-08-29 23:41:15',0,NULL,NULL),
(190,3,3,2,NULL,NULL,1,5,NULL,NULL,NULL,NULL,'Sequi maiores rerum exercitationem qui commodi eveniet veritatis. Nihil id culpa et consequatur. Repellendus placeat illum est dolorem qui culpa.','2023-03-01 20:46:08',0,NULL,NULL),
(191,2,1,2,NULL,NULL,1,6,NULL,NULL,NULL,NULL,'Eos expedita ad ea quas consectetur. Corrupti adipisci rerum perferendis enim eaque. Nihil sapiente facilis placeat nostrum unde.','2023-07-12 10:19:15',0,NULL,NULL),
(192,1,5,2,NULL,NULL,2,3,NULL,NULL,NULL,NULL,'Eos sit exercitationem voluptas. Eius esse assumenda in voluptas est ut non. Voluptas harum corporis dicta illum.','2023-02-25 09:49:40',0,NULL,NULL),
(193,2,1,2,NULL,NULL,3,3,NULL,NULL,NULL,NULL,'Repudiandae reprehenderit fuga voluptatibus aut. Exercitationem nulla cum ut quae excepturi. Rem id voluptatibus adipisci id soluta aliquam.','2023-03-31 04:43:22',0,NULL,NULL),
(194,2,5,2,NULL,NULL,3,4,NULL,NULL,NULL,NULL,'Laborum occaecati libero molestias est atque. Sint accusamus et magni ipsum odio consequatur.','2023-03-01 21:50:27',0,NULL,NULL),
(195,5,5,2,NULL,NULL,3,5,NULL,NULL,NULL,NULL,'Voluptates voluptatibus distinctio ut velit iusto nesciunt est corporis. Natus nesciunt autem voluptatem consequatur et soluta. Voluptatem culpa possimus et et magni.','2023-02-19 10:19:01',0,NULL,NULL),
(196,1,2,6,NULL,NULL,4,3,NULL,NULL,NULL,NULL,'Id et sit hic eius nostrum. Tempora est ipsum ut voluptas voluptas perferendis. Commodi totam illo ea tempora sed. Fugiat enim quos aut.','2023-05-28 05:45:22',0,NULL,NULL),
(197,3,1,7,NULL,NULL,5,3,NULL,NULL,NULL,NULL,'Optio voluptatem odit consectetur temporibus sit et iste aut. Eaque earum blanditiis et iure qui. Id nisi molestiae quam consectetur.','2023-03-09 14:01:17',0,NULL,NULL),
(198,6,4,7,NULL,NULL,5,4,NULL,NULL,NULL,NULL,'Magnam corporis quia tenetur tempore minus qui natus deleniti. Animi itaque modi consequatur sed facilis veritatis. Praesentium quidem earum consequatur fugit.','2023-03-17 00:47:31',0,NULL,NULL),
(199,5,3,7,NULL,NULL,5,5,NULL,NULL,NULL,NULL,'Exercitationem aut dicta natus beatae non sit. In non repudiandae fugit consequatur et. Aperiam minima qui recusandae doloremque quasi et qui natus. Magnam iste dolores excepturi cumque.','2023-06-28 04:39:17',0,NULL,NULL),
(200,6,2,7,NULL,NULL,5,6,NULL,NULL,NULL,NULL,'Recusandae repudiandae est ex. Soluta ipsam nulla eligendi itaque ducimus impedit provident. Qui qui sapiente harum. Sequi et occaecati explicabo et.','2023-07-07 00:34:46',0,NULL,NULL),
(201,3,4,4,NULL,NULL,6,3,NULL,NULL,NULL,NULL,'Aut voluptate blanditiis quo eveniet et omnis consectetur. Perferendis laboriosam temporibus quisquam animi. Earum dolorum cupiditate at provident ipsa.','2023-03-25 13:09:32',0,NULL,NULL),
(202,6,2,4,NULL,NULL,6,4,NULL,NULL,NULL,NULL,'Unde dolor consectetur enim eveniet qui fugiat non. Aut nisi quam est expedita totam quia libero deserunt.','2023-01-24 15:58:41',0,NULL,NULL),
(203,2,2,4,NULL,NULL,6,5,NULL,NULL,NULL,NULL,'Qui voluptas deserunt veniam sed aut cupiditate quae ut. Nobis et voluptatem quos quisquam unde corporis. Error totam unde nulla sapiente. Illo recusandae sint id est accusantium.','2023-02-08 01:04:18',0,NULL,NULL),
(204,4,2,4,NULL,NULL,7,3,NULL,NULL,NULL,NULL,'Atque a consequuntur ut inventore. Autem veniam voluptatem pariatur iste. Quisquam exercitationem ab sunt molestiae. Illum perferendis veritatis qui libero nisi mollitia.','2023-08-10 15:38:53',0,NULL,NULL),
(205,5,3,3,NULL,NULL,8,3,NULL,NULL,NULL,NULL,'Commodi sit illum ratione. Et aut provident illo incidunt. Pariatur harum nobis voluptatem debitis tenetur architecto asperiores voluptas. Qui qui et eos. Odio ut expedita maxime dignissimos a.','2023-02-11 07:01:36',0,NULL,NULL),
(206,1,4,3,NULL,NULL,8,4,NULL,NULL,NULL,NULL,'Aut quasi rem qui ut quibusdam autem nulla. Error omnis blanditiis excepturi. Id pariatur quidem nostrum est aut laudantium et.','2023-05-15 22:00:53',0,NULL,NULL),
(207,2,4,3,NULL,NULL,8,5,NULL,NULL,NULL,NULL,'Velit sunt illum quam est molestiae ab qui. Deserunt in laboriosam vel labore ea voluptates. Qui repudiandae natus sapiente suscipit.','2023-07-16 01:43:37',0,NULL,NULL),
(208,4,4,7,NULL,NULL,9,3,NULL,NULL,NULL,NULL,'Voluptatibus expedita ut repellendus eum aut rerum cumque. Nostrum quia voluptas itaque aut autem nam dolor. Nostrum ipsa id laborum necessitatibus quam enim.','2023-02-05 13:54:01',0,NULL,NULL),
(209,1,5,7,NULL,NULL,9,4,NULL,NULL,NULL,NULL,'Dolore consequatur quas dolor labore. Non error quis aliquam. Ipsum in ducimus mollitia atque eveniet dolores quo. Omnis laudantium voluptas perferendis repudiandae pariatur deleniti.','2023-06-11 12:48:42',0,NULL,NULL),
(210,2,2,7,NULL,NULL,9,5,NULL,NULL,NULL,NULL,'Ipsam eos et ratione ea perferendis et. Tenetur odit nulla non ea. Facilis repellat eligendi ad ex id. Quia et neque facilis corporis dignissimos.','2023-03-20 14:01:05',0,NULL,NULL),
(211,4,1,7,NULL,NULL,9,6,NULL,NULL,NULL,NULL,'Neque fugiat pariatur officiis aut voluptas. Cupiditate asperiores qui in illum. Ad sit vel fugiat ea asperiores et. Numquam asperiores nam et qui facilis.','2023-02-13 06:25:39',0,NULL,NULL),
(212,3,3,4,NULL,NULL,10,3,NULL,NULL,NULL,NULL,'Officia enim quod quia eos voluptatum laudantium. Libero et est amet ab. Ipsam culpa dolorem aut rerum similique dolorem aliquam. Esse voluptas veniam doloremque atque.','2023-04-29 14:37:42',0,NULL,NULL),
(213,3,4,4,NULL,NULL,10,4,NULL,NULL,NULL,NULL,'Architecto doloremque accusamus fuga inventore eum occaecati nihil hic. Quam quos vel consectetur nisi officia nostrum dolorum sit. Officia ut ad eveniet vitae tenetur est et.','2023-04-22 20:46:37',0,NULL,NULL),
(214,4,1,4,NULL,NULL,10,5,NULL,NULL,NULL,NULL,'Sint quia voluptatem eius laboriosam asperiores tempora delectus maiores. Soluta incidunt quasi voluptatibus nobis voluptatum. Eum praesentium et molestias perferendis et esse.','2023-02-23 10:37:20',0,NULL,NULL),
(215,3,3,4,NULL,NULL,10,6,NULL,NULL,NULL,NULL,'Beatae necessitatibus distinctio numquam hic. Aut quo repellat ab vel. Dolor autem facere autem explicabo suscipit. Sint amet quaerat voluptate omnis qui voluptas.','2023-02-06 09:41:12',0,NULL,NULL),
(216,3,3,6,NULL,NULL,11,3,NULL,NULL,NULL,NULL,'Nam sit ea ut voluptatem et soluta illum adipisci. Labore ratione accusamus ut id. Est minus ut labore saepe et rerum minima.','2023-05-11 08:55:56',0,NULL,NULL),
(217,6,5,6,NULL,NULL,11,4,NULL,NULL,NULL,NULL,'Voluptas rerum quae ut asperiores sit et consequuntur. Molestiae omnis culpa perferendis similique consequatur facilis. Nostrum quis alias cumque aut nemo. Sunt facere voluptas eum.','2023-08-28 01:16:37',0,NULL,NULL),
(218,1,3,6,NULL,NULL,12,3,NULL,NULL,NULL,NULL,'Sint ullam voluptatem numquam dolorem. Qui non nobis repudiandae qui velit totam eveniet id. Aut aut eos amet dolorum.','2023-01-18 10:48:04',0,NULL,NULL),
(219,3,4,6,NULL,NULL,12,4,NULL,NULL,NULL,NULL,'Molestiae velit magni amet et ducimus. Reiciendis enim vitae ipsam optio soluta velit. Dolor fugit iste repellat voluptas voluptatem ut.','2023-03-22 19:32:39',0,NULL,NULL),
(220,2,4,5,NULL,NULL,13,3,NULL,NULL,NULL,NULL,'Ut ipsam error ut deleniti. Provident sit consequatur quia qui. Pariatur praesentium repellendus veniam et pariatur tempora.','2023-03-16 08:51:05',0,NULL,NULL),
(221,3,4,5,NULL,NULL,13,4,NULL,NULL,NULL,NULL,'Modi dicta aut excepturi nisi. Earum error dolores voluptas cupiditate. Et maxime labore iure deleniti quia.','2023-07-06 06:35:57',0,NULL,NULL),
(222,4,3,5,NULL,NULL,13,5,NULL,NULL,NULL,NULL,'Non animi veniam cupiditate ducimus vel. Quas exercitationem ea rem et eum. Error nesciunt animi officia ducimus.','2023-07-14 01:34:40',0,NULL,NULL),
(223,4,4,4,NULL,NULL,14,3,NULL,NULL,NULL,NULL,'Omnis sunt ducimus veritatis totam praesentium est culpa. Odit sint consectetur voluptatem. Harum omnis eveniet excepturi qui.','2023-01-15 00:34:36',0,NULL,NULL),
(224,6,5,4,NULL,NULL,14,4,NULL,NULL,NULL,NULL,'Laborum fugiat molestias et ab aut deleniti. Sint quas pariatur magnam deleniti quas et aut. Aut cumque voluptate est necessitatibus rerum maiores.','2023-07-02 16:10:49',0,NULL,NULL),
(225,4,1,4,NULL,NULL,14,5,NULL,NULL,NULL,NULL,'Nam qui sunt laudantium commodi quisquam possimus. Nesciunt voluptatem nihil ea aut reprehenderit sequi eum. Ea incidunt aut vel iure officiis sed est.','2023-06-09 06:07:51',0,NULL,NULL),
(226,5,5,3,NULL,NULL,15,3,NULL,NULL,NULL,NULL,'Veritatis sunt unde tempore voluptas necessitatibus. Ab quasi ut quia optio rerum. Quam aliquam voluptatem amet iste. Suscipit eum qui earum autem amet porro blanditiis.','2023-05-15 21:35:04',0,NULL,NULL),
(227,3,2,3,NULL,NULL,15,4,NULL,NULL,NULL,NULL,'Nemo enim dolor optio nulla. Id perspiciatis eos explicabo qui mollitia. Aliquam consequatur vel rerum. Qui culpa voluptatem expedita praesentium.','2023-06-19 16:29:15',0,NULL,NULL),
(228,4,3,3,NULL,NULL,15,5,NULL,NULL,NULL,NULL,'Voluptatibus sunt eius fuga ullam ea debitis officiis sunt. Vitae veniam perspiciatis qui eveniet. Omnis nihil ut perferendis ea. Voluptatem rem consequatur repellendus dolores rem voluptatem.','2023-08-18 00:42:17',0,NULL,NULL),
(229,1,3,3,NULL,NULL,15,6,NULL,NULL,NULL,NULL,'Distinctio quis blanditiis molestiae et. Molestiae quaerat neque distinctio ullam alias reiciendis. Nihil consectetur velit velit. Facere sapiente inventore magnam ex.','2023-04-07 07:11:41',0,NULL,NULL),
(230,3,4,6,NULL,NULL,16,3,NULL,NULL,NULL,NULL,'Quia ut illo ut cumque aliquam voluptatem asperiores. Quis atque sint tempore eum itaque ut. Distinctio quis eius non neque.','2023-02-23 06:32:47',0,NULL,NULL),
(231,6,1,6,NULL,NULL,16,4,NULL,NULL,NULL,NULL,'Placeat sapiente similique quae et. Aut dignissimos illum quia aut repellat iure labore.','2023-04-05 05:42:06',0,NULL,NULL),
(232,1,4,6,NULL,NULL,16,5,NULL,NULL,NULL,NULL,'Et doloribus sit amet provident. Similique delectus assumenda qui ratione voluptates. Sit quas ducimus quod consequatur officia.','2023-01-13 06:18:59',0,NULL,NULL),
(233,4,4,7,NULL,NULL,17,3,NULL,NULL,NULL,NULL,'Commodi soluta atque a quis. Aut aut magnam qui ut at. Iste ea illum exercitationem aut iusto dolores deleniti. Sequi illo totam est id dolor.','2023-01-17 21:23:40',0,NULL,NULL),
(234,1,5,4,NULL,NULL,18,3,NULL,NULL,NULL,NULL,'Ducimus et ea aperiam est. Omnis vel ad aperiam eius id ullam. Quidem est aut quaerat neque eos rerum. Porro tenetur ut quia nemo. Quis officia modi rerum doloremque ut.','2023-03-27 17:45:11',0,NULL,NULL),
(235,3,1,4,NULL,NULL,18,4,NULL,NULL,NULL,NULL,'Autem eos ipsa et quibusdam. Corrupti omnis earum et consequatur et sunt sit. Laborum repellat tenetur qui sint animi. Eaque iusto et veniam voluptas et.','2023-02-05 01:41:20',0,NULL,NULL),
(236,3,3,4,NULL,NULL,18,5,NULL,NULL,NULL,NULL,'Quis esse eum quis et. Laborum est est voluptatem excepturi. Impedit atque illo molestiae ab. Quos veritatis id est voluptatibus. Nesciunt eveniet officia ut eos qui. Ipsa et qui veritatis ipsam.','2023-07-26 03:34:49',0,NULL,NULL),
(237,6,3,5,NULL,NULL,19,3,NULL,NULL,NULL,NULL,'Assumenda quia reprehenderit ab sapiente voluptatum et quia. Est natus magnam minus alias. Sint vel molestiae vitae dolorem et est eius.','2023-07-21 06:00:30',0,NULL,NULL),
(238,5,4,7,NULL,NULL,20,3,NULL,NULL,NULL,NULL,'Dolor repellendus et ipsum vel corporis. Voluptatem animi expedita omnis. Qui quam nemo reiciendis enim quaerat.','2023-04-01 22:17:56',0,NULL,NULL),
(239,4,1,7,NULL,NULL,20,4,NULL,NULL,NULL,NULL,'Ut velit aut libero est dolorem. Inventore sint quos nihil quisquam alias.','2023-03-09 12:36:06',0,NULL,NULL),
(240,6,5,7,NULL,NULL,20,5,NULL,NULL,NULL,NULL,'Eos ut quia neque. Et voluptatem magnam eius quia ratione sunt fuga. Vitae eveniet et perferendis et unde veritatis molestiae. Mollitia vitae quidem nam maxime dolor enim.','2023-01-31 15:36:44',0,NULL,NULL),
(241,3,3,7,NULL,NULL,20,6,NULL,NULL,NULL,NULL,'Magnam tenetur voluptates nihil minus eum natus. Laudantium velit illo et in corrupti. Ea deserunt tempore molestias eligendi. Enim dolorem dolores doloribus veritatis.','2023-07-08 20:47:35',0,NULL,NULL),
(242,3,3,4,NULL,NULL,21,3,NULL,NULL,NULL,NULL,'Laborum debitis qui aut esse autem exercitationem. Quo et numquam omnis voluptatem sit quos quis. Accusamus molestias ipsa magnam ea deleniti dolor.','2023-08-23 23:22:03',0,NULL,NULL),
(243,6,5,4,NULL,NULL,21,4,NULL,NULL,NULL,NULL,'Quam voluptas numquam et veniam. Aut itaque quia pariatur. Architecto natus voluptatibus eius odit aut iure eos.','2023-03-05 16:52:18',0,NULL,NULL),
(244,2,5,4,NULL,NULL,21,5,NULL,NULL,NULL,NULL,'Laboriosam non in est eveniet fuga. Quia iure animi explicabo excepturi sint et distinctio. Voluptas exercitationem ratione quia quos. Voluptate voluptas quae sint tempore.','2023-08-13 19:32:48',0,NULL,NULL),
(245,2,5,4,NULL,NULL,21,6,NULL,NULL,NULL,NULL,'Aspernatur enim deserunt possimus reiciendis earum sint. Qui odio quidem odit aliquid qui cum sapiente.','2023-04-10 04:06:20',0,NULL,NULL),
(246,2,5,5,NULL,NULL,22,3,NULL,NULL,NULL,NULL,'Dolorum sequi veniam sint qui non aspernatur. Et possimus vel qui nisi natus cumque. Repudiandae velit ullam officiis nam blanditiis. Omnis earum sint pariatur qui commodi incidunt.','2023-08-16 19:24:53',0,NULL,NULL),
(247,2,3,5,NULL,NULL,23,3,NULL,NULL,NULL,NULL,'Amet quidem quisquam voluptatem optio harum dicta explicabo. Est blanditiis animi cumque et. Tempora est animi id quas rerum.','2023-03-24 04:23:04',0,NULL,NULL),
(248,5,4,5,NULL,NULL,23,4,NULL,NULL,NULL,NULL,'Ut saepe nisi quam asperiores laudantium alias. Eius sunt et dolor rerum eum. Architecto rem doloremque eum corporis.','2023-07-30 06:49:13',0,NULL,NULL),
(249,4,1,7,NULL,NULL,24,3,NULL,NULL,NULL,NULL,'Rerum et aliquam illum consequatur voluptatem enim assumenda. Perferendis omnis et ea quas dolores est quae architecto. Natus saepe magnam aspernatur magnam rerum repudiandae dolor.','2023-02-09 16:25:11',0,NULL,NULL),
(250,3,5,7,NULL,NULL,24,4,NULL,NULL,NULL,NULL,'Quia hic fuga sed laudantium eius officia. Sed non animi veniam. Impedit saepe nobis sapiente eveniet est ad soluta.','2023-02-13 23:40:57',0,NULL,NULL),
(251,2,2,7,NULL,NULL,24,5,NULL,NULL,NULL,NULL,'Nam rerum necessitatibus fuga numquam repudiandae et. Enim molestias odit nemo officiis qui iure nesciunt.','2023-03-23 09:08:49',0,NULL,NULL),
(252,1,2,7,NULL,NULL,25,3,NULL,NULL,NULL,NULL,'Aut non ut voluptas est sit. Sint sed perferendis voluptas vero aut repellat sit. Perspiciatis facilis nobis tempore non. Sit atque magni earum mollitia. Unde ipsa enim omnis excepturi.','2023-03-28 06:08:53',0,NULL,NULL),
(253,6,2,7,NULL,NULL,25,4,NULL,NULL,NULL,NULL,'Non asperiores ut adipisci sed consequuntur delectus voluptate. Et nostrum molestiae voluptatem qui beatae. Consequatur eligendi aut itaque laudantium eos. Qui velit et praesentium autem ut.','2023-01-30 14:06:41',0,NULL,NULL),
(254,4,3,4,NULL,NULL,26,3,NULL,NULL,NULL,NULL,'Dolores quas pariatur et ea. Aliquid velit quis quam vel molestias. Natus error voluptatem voluptatem nam incidunt voluptas et.','2023-06-28 23:37:31',0,NULL,NULL),
(255,5,2,5,NULL,NULL,27,3,NULL,NULL,NULL,NULL,'Expedita deserunt non iusto quae. Odit perspiciatis sint illo rem quo nihil delectus. Sint repudiandae quia sapiente ut nemo numquam dolorum.','2023-03-20 08:44:30',0,NULL,NULL),
(256,1,4,5,NULL,NULL,27,4,NULL,NULL,NULL,NULL,'Et sequi assumenda inventore quia recusandae facilis. Vel perferendis maxime laudantium inventore nam quis corporis. Autem tenetur dolores sed eum nisi similique omnis accusamus.','2023-02-10 17:06:19',0,NULL,NULL),
(257,1,1,5,NULL,NULL,27,5,NULL,NULL,NULL,NULL,'Velit omnis temporibus repellendus velit. Est tempora molestiae suscipit iure magnam. Laboriosam in amet dolorem quis iste beatae doloribus. Qui expedita deleniti omnis veritatis.','2023-07-14 13:30:56',0,NULL,NULL),
(258,4,4,5,NULL,NULL,27,6,NULL,NULL,NULL,NULL,'Reprehenderit velit id veniam libero. Beatae qui et tempora tenetur. Similique magnam veniam provident et aspernatur molestias.','2023-05-06 11:35:11',0,NULL,NULL),
(259,6,5,5,NULL,NULL,28,3,NULL,NULL,NULL,NULL,'Assumenda dolores earum enim. Incidunt itaque vel quibusdam et voluptatem quia aut. Libero libero est ut vel et cupiditate.','2023-05-24 14:51:47',0,NULL,NULL),
(260,5,1,5,NULL,NULL,28,4,NULL,NULL,NULL,NULL,'Aliquid dignissimos fugiat dolor molestias ab illum saepe quas. Itaque facere asperiores debitis velit. Sunt ex ut amet sed rerum incidunt sint.','2023-03-21 01:11:43',0,NULL,NULL),
(261,5,3,6,NULL,NULL,29,3,NULL,NULL,NULL,NULL,'Fuga ut dignissimos nobis repellendus qui saepe laboriosam. Sit iusto quia illum dicta occaecati. Ipsam est inventore cumque itaque atque at culpa nihil. Modi odio at est vel et minima nulla.','2023-02-01 10:37:00',0,NULL,NULL),
(262,5,4,6,NULL,NULL,29,4,NULL,NULL,NULL,NULL,'Autem accusamus aut praesentium iste. Numquam sed natus eius et harum labore. Voluptas minus mollitia adipisci odit ut.','2023-06-06 19:00:58',0,NULL,NULL),
(263,5,1,6,NULL,NULL,29,5,NULL,NULL,NULL,NULL,'Nemo explicabo et laboriosam voluptatem consequuntur repellat. Neque natus minima illo adipisci velit. At magnam et qui omnis quibusdam aut animi. Dolor delectus nesciunt amet incidunt qui corrupti.','2023-07-14 23:48:28',0,NULL,NULL),
(264,1,1,4,NULL,NULL,30,3,NULL,NULL,NULL,NULL,'Voluptatem non minus voluptas. Mollitia ratione repellat itaque. Enim sed eveniet quibusdam possimus sint necessitatibus. Sit harum id quisquam iure ut.','2023-05-06 03:12:00',0,NULL,NULL),
(265,6,1,4,NULL,NULL,30,4,NULL,NULL,NULL,NULL,'Ea voluptas optio voluptatem quo voluptas. Omnis numquam voluptates sed magni. Molestias repellat asperiores molestiae exercitationem adipisci.','2023-05-25 09:32:50',0,NULL,NULL),
(266,2,5,5,NULL,NULL,31,3,NULL,NULL,NULL,NULL,'Voluptatibus perspiciatis non ut tenetur delectus placeat quia sint. Eum ullam aut vel. Asperiores sint illum sapiente eveniet quia dolores.','2023-03-16 00:21:20',0,NULL,NULL),
(267,4,1,5,NULL,NULL,32,3,NULL,NULL,NULL,NULL,'Dolor aut est reprehenderit. Aut dolor qui voluptas dolorum in. Officia tempora pariatur laboriosam nisi.','2023-06-25 06:01:12',0,NULL,NULL),
(268,2,3,5,NULL,NULL,32,4,NULL,NULL,NULL,NULL,'Commodi quo ipsa harum cum quibusdam inventore corrupti. Magnam doloribus expedita distinctio qui. Deleniti ut ea quas rem. In magnam velit voluptatem molestiae tempore vel et.','2023-08-05 20:31:30',0,NULL,NULL),
(269,2,1,5,NULL,NULL,32,5,NULL,NULL,NULL,NULL,'Et enim sint architecto consequuntur enim qui animi delectus. Voluptates explicabo blanditiis deserunt consequatur voluptatem.','2023-01-16 21:13:42',0,NULL,NULL),
(270,3,5,4,NULL,NULL,33,3,NULL,NULL,NULL,NULL,'Neque ex dolorem non explicabo dolore consequatur temporibus eos. Veniam ut perferendis minus itaque. Sit assumenda sit eligendi sed impedit odit numquam.','2023-05-05 22:01:42',0,NULL,NULL),
(271,4,2,4,NULL,NULL,33,4,NULL,NULL,NULL,NULL,'Maiores facere harum magnam sit vel ad. Laborum odio odit quia provident. Occaecati sit dolore perferendis unde. Vel velit possimus sed.','2023-06-29 07:18:44',0,NULL,NULL),
(272,4,3,4,NULL,NULL,33,5,NULL,NULL,NULL,NULL,'Vel aut deleniti sunt saepe est expedita. Voluptatum ut et voluptas a velit iste consectetur. Est optio illum quas in eligendi. Modi iste culpa sit odit aperiam.','2023-05-13 16:28:21',0,NULL,NULL),
(273,2,5,4,NULL,NULL,33,6,NULL,NULL,NULL,NULL,'Sit labore nihil ut fugit. Et nobis quas temporibus consectetur vero. Qui error esse aliquam debitis.','2023-02-13 02:55:50',0,NULL,NULL),
(274,5,4,4,NULL,NULL,34,3,NULL,NULL,NULL,NULL,'Est et occaecati eius qui voluptas placeat ad. Iste eligendi unde mollitia fugiat. Iure accusantium qui corrupti corrupti illum ad quae. Et cum maiores blanditiis dolorum est sequi quia ipsum.','2023-04-09 20:24:54',0,NULL,NULL),
(275,4,1,5,NULL,NULL,35,3,NULL,NULL,NULL,NULL,'Delectus inventore quis placeat perspiciatis. Facere corrupti quidem sed officia et ex quasi ipsam. Explicabo eius nesciunt commodi unde cumque.','2023-04-17 01:21:34',0,NULL,NULL),
(276,1,1,5,NULL,NULL,35,4,NULL,NULL,NULL,NULL,'Et fugit porro ipsam consequatur. Vel minus voluptatem perspiciatis et veniam suscipit sed.','2023-06-21 20:26:13',0,NULL,NULL),
(277,1,4,4,NULL,NULL,36,3,NULL,NULL,NULL,NULL,'Commodi ducimus quo odit rerum. Animi aliquid error accusamus veniam laudantium corporis. Aut sequi molestiae et voluptatem aut sunt sed cumque.','2023-04-06 17:37:42',0,NULL,NULL),
(278,4,4,4,NULL,NULL,36,4,NULL,NULL,NULL,NULL,'Molestiae sed quas dicta tenetur esse qui. Soluta ut autem eius voluptatem cupiditate. Ducimus aut aspernatur consequatur ut. Praesentium cum dolorem eius quo est et ratione optio.','2023-07-19 20:27:31',0,NULL,NULL),
(279,6,4,7,NULL,NULL,37,3,NULL,NULL,NULL,NULL,'Ut molestiae earum aut cumque ratione quos. Porro commodi nam maiores quod blanditiis. Perferendis ut ea aut in perspiciatis. Officia id molestiae repellat voluptatem fugit et.','2023-07-12 03:20:00',0,NULL,NULL),
(280,2,3,2,NULL,NULL,38,3,NULL,NULL,NULL,NULL,'Doloremque eaque est ab veritatis. Vero odit quia eos non. Possimus fuga labore et ut ab molestiae.','2023-04-11 14:32:54',0,NULL,NULL),
(281,2,2,2,NULL,NULL,38,4,NULL,NULL,NULL,NULL,'Consequatur est sapiente omnis dolor. Neque rerum suscipit asperiores debitis. Dolorum eveniet repellat ducimus incidunt. Maiores harum rerum architecto unde illo.','2023-04-23 08:33:03',0,NULL,NULL),
(282,2,5,2,NULL,NULL,38,5,NULL,NULL,NULL,NULL,'Nihil sint recusandae nulla soluta. Consequatur neque et saepe alias porro excepturi. Magnam tempora qui quod commodi voluptatem autem.','2023-01-26 18:08:44',0,NULL,NULL),
(283,6,5,8,NULL,NULL,39,3,NULL,NULL,NULL,NULL,'Beatae praesentium ex est beatae. Eos ea ex doloribus sed dolorem. Sit est pariatur numquam veniam id magnam. Quia numquam soluta corporis accusamus quis.','2023-08-28 19:32:55',0,NULL,NULL),
(284,5,3,8,NULL,NULL,39,4,NULL,NULL,NULL,NULL,'Nihil illum quia voluptatem et. Id nobis iusto qui voluptatem necessitatibus ea voluptatibus fugiat. Ut temporibus ea rem tempora sint. Sit maiores fugiat eum eos aut blanditiis.','2023-03-18 09:55:16',0,NULL,NULL),
(285,2,1,3,NULL,NULL,40,3,NULL,NULL,NULL,NULL,'Iste amet ut aspernatur rerum nihil sunt dolor. Minus voluptatum laborum dicta.','2023-08-17 21:32:44',0,NULL,NULL),
(286,1,1,3,NULL,NULL,40,4,NULL,NULL,NULL,NULL,'Neque maiores iste animi laudantium fuga harum officiis. Cumque est maxime qui voluptatum. Quis saepe et ut quos quos culpa ea quam.','2023-07-31 20:09:15',0,NULL,NULL),
(287,5,1,3,NULL,NULL,40,5,NULL,NULL,NULL,NULL,'Libero minima non et sed et. Ducimus tempora aliquam quasi rerum.','2023-01-23 12:39:52',0,NULL,NULL),
(288,4,4,4,NULL,NULL,41,3,NULL,NULL,NULL,NULL,'Qui ratione mollitia nulla quis. Non perferendis omnis error debitis voluptates. Magnam et aliquam et voluptates. Excepturi impedit quia impedit doloremque ut cumque.','2023-01-03 17:58:41',0,NULL,NULL),
(289,2,1,4,NULL,NULL,41,4,NULL,NULL,NULL,NULL,'Dignissimos quis ea odio est nulla neque. Repudiandae saepe eum quae adipisci delectus. Voluptas esse doloremque non voluptatem veritatis. Aut accusantium sit quia aut.','2023-01-27 19:31:20',0,NULL,NULL),
(290,3,2,5,NULL,NULL,42,3,NULL,NULL,NULL,NULL,'Unde ad blanditiis ea dolor inventore et est. Nisi ea assumenda qui iure. Occaecati voluptas impedit laboriosam omnis ut voluptatibus sunt.','2023-06-20 19:13:49',0,NULL,NULL),
(291,2,1,7,NULL,NULL,43,3,NULL,NULL,NULL,NULL,'Amet quam officia error enim ipsum dignissimos fugiat. Qui et mollitia illum magnam. Maiores aliquam aperiam ut aut quidem. Necessitatibus voluptates adipisci assumenda pariatur.','2023-01-25 08:19:25',0,NULL,NULL),
(292,3,5,7,NULL,NULL,43,4,NULL,NULL,NULL,NULL,'Est tempora et non non dolore. Quisquam est quis beatae sed voluptatem perspiciatis. Debitis et vitae a ab.','2023-06-22 20:21:19',0,NULL,NULL),
(293,1,4,7,NULL,NULL,43,5,NULL,NULL,NULL,NULL,'Quod quia fugiat ea distinctio voluptates et. Suscipit fugit dolores itaque qui. Nihil dolore nihil aperiam quis aliquid. Minima quia quos et impedit eius non.','2023-05-04 19:15:05',0,NULL,NULL),
(294,4,1,6,NULL,NULL,44,3,NULL,NULL,NULL,NULL,'Earum nam tempora sed consequatur laborum est. Qui quaerat atque iste et consequatur fuga deserunt.','2023-03-09 10:38:50',0,NULL,NULL),
(295,2,1,6,NULL,NULL,44,4,NULL,NULL,NULL,NULL,'Cum nisi eaque amet sapiente et voluptates. Cupiditate dolores labore voluptates eius. Nemo aliquam ducimus similique ab voluptatum est. Exercitationem aut nam soluta occaecati atque dolores.','2023-06-06 08:45:41',0,NULL,NULL),
(296,3,1,5,NULL,NULL,45,3,NULL,NULL,NULL,NULL,'Aut accusamus eum omnis. Reiciendis non facere non minima nihil. Voluptas est vel possimus sunt neque ut natus. Eos sit dolor dolorem aliquid ratione perferendis non.','2023-05-16 20:04:56',0,NULL,NULL),
(297,4,5,3,NULL,NULL,46,3,NULL,NULL,NULL,NULL,'Quod id doloremque voluptate qui ut. Qui minima quia eveniet quos autem. Et nisi et rerum eaque magni enim.','2023-02-26 00:38:11',0,NULL,NULL),
(298,5,2,3,NULL,NULL,46,4,NULL,NULL,NULL,NULL,'Consequatur qui et necessitatibus a omnis aut. Asperiores blanditiis ad magnam. Voluptates a quo et illo autem hic. Aut rem est esse porro aspernatur consequatur. Velit aliquam laudantium rem.','2023-05-16 14:12:56',0,NULL,NULL),
(299,5,3,4,NULL,NULL,47,3,NULL,NULL,NULL,NULL,'Et delectus quisquam eos sint et magni. Omnis nemo aut nihil culpa voluptatem consequuntur delectus. Delectus cum nam reiciendis. Mollitia quod accusantium veniam aspernatur.','2023-08-18 19:48:37',0,NULL,NULL),
(300,3,2,7,NULL,NULL,48,3,NULL,NULL,NULL,NULL,'Impedit culpa sed doloribus unde vel. Corporis sunt dolorem officiis corrupti. Et voluptas esse enim corrupti.','2023-06-12 13:12:42',0,NULL,NULL),
(301,1,2,7,NULL,NULL,48,4,NULL,NULL,NULL,NULL,'Earum doloribus soluta qui voluptatem quia dolorem dolor. Soluta odio aspernatur laboriosam eaque. Autem sint sequi cum doloremque qui.','2023-07-02 19:55:05',0,NULL,NULL),
(302,3,1,6,NULL,NULL,49,3,NULL,NULL,NULL,NULL,'Qui nesciunt nihil ea saepe sunt sed sit est. Cupiditate voluptate ullam nam at. Provident id consequuntur est. Qui et eum a quos.','2023-03-29 08:29:02',0,NULL,NULL),
(303,3,4,4,NULL,NULL,50,3,NULL,NULL,NULL,NULL,'Totam sit illum sed est aspernatur quaerat soluta. Deserunt ex iste suscipit. Possimus voluptatibus nobis magni aut omnis ullam animi deserunt. Et quas sint tempora quidem ea alias voluptas.','2023-07-16 12:31:34',0,NULL,NULL),
(304,6,5,7,NULL,NULL,51,3,NULL,NULL,NULL,NULL,'Molestias consequatur minima iste qui quasi. Maiores quisquam et omnis inventore at qui ex. Commodi sit sunt reprehenderit magnam. Et qui et ducimus excepturi. Natus neque eum magni alias et velit.','2023-02-02 12:44:42',0,NULL,NULL),
(305,1,2,7,NULL,NULL,51,4,NULL,NULL,NULL,NULL,'Qui natus qui voluptatem saepe amet. Rerum inventore eaque pariatur eos exercitationem eos sequi.','2023-08-18 04:42:01',0,NULL,NULL),
(306,6,3,7,NULL,NULL,51,5,NULL,NULL,NULL,NULL,'Est dolorem quo molestias impedit quam consequatur. Nisi possimus perferendis quis possimus repellendus totam ab. Sapiente tenetur occaecati velit ipsa odit consequatur molestiae.','2023-07-29 20:42:11',0,NULL,NULL),
(307,1,2,4,NULL,NULL,52,3,NULL,NULL,NULL,NULL,'Quia et est nostrum itaque dicta dolor. Optio delectus error at. Est incidunt velit sit accusantium nesciunt. Omnis dolorem tempora fugit molestiae aut.','2023-07-28 14:26:36',0,NULL,NULL),
(308,2,4,4,NULL,NULL,52,4,NULL,NULL,NULL,NULL,'Impedit culpa eos perspiciatis dolor. Minima maxime omnis sed nam reiciendis. Dolorem voluptas itaque rerum dolores. Accusantium laudantium ut dolores quia.','2023-06-28 13:03:43',0,NULL,NULL),
(309,4,5,4,NULL,NULL,52,5,NULL,NULL,NULL,NULL,'Reiciendis dicta commodi libero expedita placeat. Aut at nemo et eius rerum dolor velit aut. Ullam aut quis labore fugit cumque voluptatem. Qui autem eum consequatur sed iste dolore.','2023-04-16 06:49:13',0,NULL,NULL),
(310,6,5,4,NULL,NULL,52,6,NULL,NULL,NULL,NULL,'Non quam eum dolor dolorem. Possimus iste aut hic libero. Fuga nihil omnis et exercitationem ratione dolor. Vero officiis enim nisi qui hic illo veniam.','2023-07-11 08:21:43',0,NULL,NULL),
(311,1,1,5,NULL,NULL,53,3,NULL,NULL,NULL,NULL,'Accusamus optio laboriosam ea et. Qui eum facilis modi iusto doloremque non. Non id ut dolore deleniti deserunt dolore ex.','2023-04-27 07:11:57',0,NULL,NULL),
(312,1,4,5,NULL,NULL,53,4,NULL,NULL,NULL,NULL,'Consectetur assumenda suscipit dolore nemo illo inventore. Omnis accusantium molestias dolorem eos eos. Eligendi ab explicabo omnis recusandae accusantium animi aperiam.','2023-01-07 07:11:32',0,NULL,NULL),
(313,4,5,5,NULL,NULL,53,5,NULL,NULL,NULL,NULL,'Neque unde nisi fuga temporibus temporibus. Dolor eum molestias nisi libero officia distinctio eos.','2023-02-02 10:18:14',0,NULL,NULL),
(314,1,1,2,NULL,NULL,53,1,NULL,NULL,NULL,NULL,'versement promis pour le 02/11','2023-09-02 15:46:27',0,NULL,NULL),
(315,6,5,2,NULL,NULL,NULL,NULL,2,3,NULL,NULL,'Interessé Par F4 T2 en attente d\'une visite sur site','2023-09-04 20:10:08',0,NULL,NULL),
(316,5,3,2,NULL,NULL,NULL,NULL,3,2,NULL,NULL,'Interssé rendez-vous 1er septembre 10h','2023-09-04 20:10:54',0,NULL,NULL),
(317,1,5,2,NULL,NULL,NULL,NULL,4,2,NULL,NULL,'je lui ai promis une reduction de 200.000 Dinars J\'attend le rendezvous','2023-09-04 20:11:54',0,NULL,NULL),
(318,6,5,2,NULL,NULL,NULL,NULL,5,4,NULL,NULL,'Versement  de la premiére tranche, en attente du calendrier final des versements','2023-09-04 20:12:58',0,NULL,NULL),
(319,3,3,2,NULL,NULL,NULL,NULL,6,4,NULL,NULL,'Versement de 5 % pour la villa N°55 Mardi prochain','2023-09-04 20:30:13',0,NULL,NULL),
(320,6,5,2,NULL,NULL,NULL,NULL,6,4,NULL,NULL,'Paiement des 10% Confirmé','2023-09-04 20:31:26',0,4,2),
(321,6,5,2,NULL,NULL,NULL,NULL,7,4,NULL,NULL,'Confirmé versement premiére tranche en attente de la suite','2023-09-04 20:32:59',0,NULL,NULL),
(322,6,5,2,NULL,NULL,NULL,NULL,7,4,NULL,NULL,'Premier versement fait, nous attendons le prochain versement en Mars 2024','2023-09-04 20:33:57',0,5,2),
(323,4,3,2,NULL,NULL,NULL,NULL,10,2,NULL,NULL,'Proposition de 77 Mda pour la villa N 144','2023-09-04 20:34:41',0,NULL,NULL),
(324,6,3,2,NULL,NULL,NULL,NULL,11,4,NULL,NULL,'Paiement via Crédit bancaire de 12 Mda et cache 21 Mda Premier versement 9Mda','2023-09-04 20:37:31',0,NULL,NULL),
(325,6,5,2,NULL,NULL,NULL,NULL,11,4,NULL,NULL,'Paiement de 9MDA','2023-09-04 20:38:05',0,6,2),
(326,3,3,2,NULL,NULL,NULL,NULL,12,3,NULL,NULL,'Interssé rendez-vous 1er septembre 10h','2023-09-04 20:38:20',0,NULL,NULL),
(327,7,6,2,NULL,NULL,NULL,NULL,12,3,NULL,NULL,'Client réaffecté par Maya Mimouni Par Nadir Delimi','2023-09-05 10:44:04',0,NULL,NULL),
(328,7,6,2,NULL,NULL,NULL,NULL,12,3,NULL,NULL,'Client réaffecté par Yanis Nait Kaci Par Nadir Delimi','2023-09-05 10:44:13',0,NULL,NULL);
/*!40000 ALTER TABLE `interaction_history` ENABLE KEYS */;
UNLOCK TABLES;

--
-- Table structure for table `interaction_source`
--

DROP TABLE IF EXISTS `interaction_source`;
/*!40101 SET @saved_cs_client     = @@character_set_client */;
/*!40101 SET character_set_client = utf8 */;
CREATE TABLE `interaction_source` (
  `id` int(11) NOT NULL AUTO_INCREMENT,
  `name` varchar(255) NOT NULL,
  `code` varchar(255) NOT NULL,
  `color` varchar(255) NOT NULL,
  PRIMARY KEY (`id`)
) ENGINE=InnoDB AUTO_INCREMENT=8 DEFAULT CHARSET=utf8mb4 COLLATE=utf8mb4_unicode_ci;
/*!40101 SET character_set_client = @saved_cs_client */;

--
-- Dumping data for table `interaction_source`
--

LOCK TABLES `interaction_source` WRITE;
/*!40000 ALTER TABLE `interaction_source` DISABLE KEYS */;
INSERT INTO `interaction_source` VALUES
(1,'Phone','PHN','#ededed'),
(2,'Email','EMA','#D24726'),
(3,'Messenger','MES','#673888'),
(4,'Whatsapp','WAP','#ef4f91'),
(5,'Viber','VIB','#378b29'),
(6,'Rendez-vous','RDV','#ff7878'),
(7,'System','SYS','#74d680');
/*!40000 ALTER TABLE `interaction_source` ENABLE KEYS */;
UNLOCK TABLES;

--
-- Table structure for table `interaction_type`
--

DROP TABLE IF EXISTS `interaction_type`;
/*!40101 SET @saved_cs_client     = @@character_set_client */;
/*!40101 SET character_set_client = utf8 */;
CREATE TABLE `interaction_type` (
  `id` int(11) NOT NULL AUTO_INCREMENT,
  `name` varchar(255) NOT NULL,
  `code` varchar(255) NOT NULL,
  `color` varchar(255) NOT NULL,
  PRIMARY KEY (`id`)
) ENGINE=InnoDB AUTO_INCREMENT=7 DEFAULT CHARSET=utf8mb4 COLLATE=utf8mb4_unicode_ci;
/*!40101 SET character_set_client = @saved_cs_client */;

--
-- Dumping data for table `interaction_type`
--

LOCK TABLES `interaction_type` WRITE;
/*!40000 ALTER TABLE `interaction_type` DISABLE KEYS */;
INSERT INTO `interaction_type` VALUES
(1,'Appel Entrant','APE','#002050'),
(2,'Appel Sortant','APS','#f57323'),
(3,'Message','MES','#378b29'),
(4,'Email','EMA','#ff0000'),
(5,'Rendez-vous','RDV','#673888'),
(6,'Automatique','AUT','#1160b7');
/*!40000 ALTER TABLE `interaction_type` ENABLE KEYS */;
UNLOCK TABLES;

--
-- Table structure for table `lead`
--

DROP TABLE IF EXISTS `lead`;
/*!40101 SET @saved_cs_client     = @@character_set_client */;
/*!40101 SET character_set_client = utf8 */;
CREATE TABLE `lead` (
  `id` int(11) NOT NULL AUTO_INCREMENT,
  `state_id` int(11) DEFAULT NULL,
  `employee_id` int(11) DEFAULT NULL,
  `is_processed` tinyint(1) NOT NULL,
  `date_add` datetime NOT NULL,
  `last_interaction` datetime NOT NULL,
  `is_transformed_to_customer` tinyint(1) NOT NULL,
  `is_deleted` tinyint(1) NOT NULL,
  `date_updated` datetime NOT NULL,
  `firstname` varchar(255) NOT NULL,
  `lastname` varchar(255) NOT NULL,
  `phone1` varchar(255) NOT NULL,
  `phone2` varchar(255) DEFAULT NULL,
  `email1` varchar(255) NOT NULL,
  `email2` varchar(255) DEFAULT NULL,
  `address` varchar(255) NOT NULL,
  `is_valid` tinyint(1) NOT NULL,
  `job_id` int(11) DEFAULT NULL,
  `source_id` int(11) DEFAULT NULL,
  PRIMARY KEY (`id`),
  KEY `IDX_289161CB5D83CC1` (`state_id`),
  KEY `IDX_289161CB8C03F15C` (`employee_id`),
  KEY `IDX_289161CBBE04EA9` (`job_id`),
  KEY `IDX_289161CB953C1C61` (`source_id`),
  CONSTRAINT `FK_289161CB5D83CC1` FOREIGN KEY (`state_id`) REFERENCES `lead_state` (`id`),
  CONSTRAINT `FK_289161CB8C03F15C` FOREIGN KEY (`employee_id`) REFERENCES `employee` (`id`),
  CONSTRAINT `FK_289161CB953C1C61` FOREIGN KEY (`source_id`) REFERENCES `contact_source` (`id`),
  CONSTRAINT `FK_289161CBBE04EA9` FOREIGN KEY (`job_id`) REFERENCES `contact_job` (`id`)
) ENGINE=InnoDB AUTO_INCREMENT=54 DEFAULT CHARSET=utf8mb4 COLLATE=utf8mb4_unicode_ci;
/*!40101 SET character_set_client = @saved_cs_client */;

--
-- Dumping data for table `lead`
--

LOCK TABLES `lead` WRITE;
/*!40000 ALTER TABLE `lead` DISABLE KEYS */;
INSERT INTO `lead` VALUES
(1,6,2,1,'2023-08-27 15:36:13','2023-07-12 10:19:15',0,0,'2023-07-12 10:19:15','Nadir','Delimi','+33558147411','+213550311152','cnend123@gmail.com','cnend123@gmail.com','498 Cité 500Lgt N37P08, El khroub',1,1,2),
(2,3,2,1,'2023-09-01 14:21:14','2023-02-25 09:49:40',0,0,'2023-02-25 09:49:40','Hakim','Bouras','0550322332','0662105544','Hakim@gmail.com',NULL,'26, Boulevard de l\'independence',1,3,5),
(3,5,2,1,'2023-09-01 14:30:14','2023-02-19 10:19:01',0,0,'2023-09-04 20:09:26','Hakim','Bouras','0550322332','0662105544','Hakim@gmail.com',NULL,'26, Boulevard de l\'independence',1,3,5),
(4,3,6,1,'2009-03-05 00:50:47','2023-05-28 05:45:22',0,0,'2023-09-05 08:40:32','Roger','Olivier','+33 (0)3 04 57 44 66',NULL,'lucy.gallet@sfr.fr',NULL,'419, rue Suzanne Collet\n00 178 Millet',1,4,5),
(5,6,7,1,'1972-05-12 10:12:53','2023-07-07 00:34:46',0,0,'2023-07-07 00:34:46','Jérôme','Valentin','+33 4 36 34 12 60',NULL,'anne.pasquier@david.fr',NULL,'77, place de Dupre\n57990 Schmitt',1,4,2),
(6,5,4,1,'2012-05-25 15:08:54','2023-02-08 01:04:18',0,0,'2023-09-04 20:10:25','Patrick','Reynaud','0599519316',NULL,'albert.joseph@boucher.fr',NULL,'723, rue de Lamy\n16 333 Hernandezboeuf',1,1,5),
(7,3,4,1,'1999-09-01 19:00:30','2023-08-10 15:38:53',0,0,'2023-08-10 15:38:53','Danielle','Francois','+33 (0)9 28 00 13 91',NULL,'iverdier@fischer.fr',NULL,'rue Durand\n28034 Ferrand-sur-Durand',1,4,2),
(8,5,3,1,'1997-07-18 15:11:59','2023-07-16 01:43:37',0,0,'2023-09-04 20:11:03','Théodore','Breton','+33 (0)9 12 22 24 49',NULL,'laure68@collin.org',NULL,'4, rue Pauline Alves\n14 118 Roy-la-Forêt',1,4,5),
(9,6,7,1,'2017-06-16 01:51:21','2023-02-13 06:25:39',0,0,'2023-02-13 06:25:39','Yves','Morin','+33 (0)1 63 38 39 40',NULL,'eugene71@daniel.fr',NULL,'27, rue de Bodin\n52 488 Nicolas-la-Forêt',1,5,2),
(10,6,4,1,'2004-07-20 04:05:22','2023-02-06 09:41:12',0,0,'2023-02-06 09:41:12','Océane','Maury','01 54 07 53 16',NULL,'edith79@orange.fr',NULL,'13, avenue Merle\n69 078 Pasquier',1,5,3),
(11,4,6,1,'1984-11-22 07:06:40','2023-08-28 01:16:37',0,0,'2023-08-28 01:16:37','Corinne','Fleury','+33 9 72 89 14 58',NULL,'simon.christine@barbe.com',NULL,'57, rue de Cohen\n04909 Dupuisnec',1,5,1),
(12,4,6,1,'1976-11-19 14:01:04','2023-03-22 19:32:39',0,0,'2023-03-22 19:32:39','Renée','Chartier','06 22 87 17 42',NULL,'fmuller@gmail.com',NULL,'70, rue de Leger\n92 794 Laine-sur-Dupont',1,4,2),
(13,5,5,1,'2005-04-11 16:47:55','2023-07-14 01:34:40',0,0,'2023-09-04 20:12:05','Théodore','Boulay','+33 (0)4 05 61 42 35',NULL,'marcelle29@guerin.fr',NULL,'77, place Thomas\n08381 Mallet',1,4,1),
(14,5,4,1,'1970-12-07 21:29:37','2023-06-09 06:07:51',0,0,'2023-09-04 20:30:00','Pierre','Laroche','03 44 54 53 01',NULL,'ntraore@cordier.com',NULL,'2, boulevard Martine Girard\n45174 Gaudin',1,4,5),
(15,6,3,1,'1984-05-24 21:10:14','2023-04-07 07:11:41',0,0,'2023-04-07 07:11:41','Luce','Meyer','+33 (0)6 80 53 58 88',NULL,'potier.dominique@gmail.com',NULL,'85, rue Henry\n51 839 Guichard',1,4,4),
(16,5,6,1,'1987-06-29 03:26:01','2023-01-13 06:18:59',0,0,'2023-09-04 20:32:03','Alain','Charpentier','0825962304',NULL,'claude84@hotmail.fr',NULL,'85, rue René Levy\n21720 Torres-sur-Germain',1,1,2),
(17,3,7,1,'1996-07-12 19:38:43','2023-01-17 21:23:40',0,0,'2023-01-17 21:23:40','Agnès','Pinto','04 35 28 63 48',NULL,'tessier.raymond@gosselin.fr',NULL,'53, impasse Lagarde\n54657 Martineau',1,2,3),
(18,5,4,1,'1992-03-07 09:16:59','2023-07-26 03:34:49',0,0,'2023-09-04 20:34:06','Alphonse','Dijoux','06 37 85 19 90',NULL,'wdurand@club-internet.fr',NULL,'12, place Victoire Lopes\n39 217 Descamps',1,1,2),
(19,3,5,1,'2012-04-11 13:58:51','2023-07-21 06:00:30',0,0,'2023-07-21 06:00:30','Henri','Becker','+33 9 92 86 22 00',NULL,'veronique.boulay@dbmail.com',NULL,'15, boulevard Goncalves\n45 305 JacquesVille',1,3,5),
(20,6,7,1,'1985-04-17 06:01:35','2023-07-08 20:47:35',0,0,'2023-07-08 20:47:35','Timothée','Aubert','+33 (0)1 07 72 09 73',NULL,'antoine.capucine@club-internet.fr',NULL,'24, avenue de Lecomte\n17 599 Garnier',1,3,2),
(21,6,4,1,'2014-01-02 07:25:25','2023-04-10 04:06:20',0,0,'2023-04-10 04:06:20','Marcelle','Maillot','+33 (0)6 15 13 20 50',NULL,'pelletier.margaret@nguyen.fr',NULL,'place de Merle\n12328 Leclerc-sur-Raymond',1,1,2),
(22,3,5,1,'1990-09-08 02:04:16','2023-08-16 19:24:53',0,0,'2023-08-16 19:24:53','Michèle','Perez','06 32 52 17 82',NULL,'maubry@tele2.fr',NULL,'280, impasse Émilie Hamon\n06138 Techer',1,2,2),
(23,4,5,1,'2008-11-06 10:11:11','2023-07-30 06:49:13',0,0,'2023-07-30 06:49:13','Édouard','Lacroix','+33 (0)2 69 09 78 79',NULL,'rnguyen@live.com',NULL,'74, boulevard Leroy\n19746 Dupuis-les-Bains',1,4,1),
(24,5,7,1,'2006-08-12 00:36:52','2023-03-23 09:08:49',0,0,'2023-09-04 20:34:09','Gilles','Costa','08 08 54 96 20',NULL,'thibault86@free.fr',NULL,'58, place Gabriel Francois\n02 848 MilletBourg',1,2,1),
(25,4,7,1,'1987-03-07 16:05:21','2023-01-30 14:06:41',0,0,'2023-01-30 14:06:41','Marie','Rossi','+33 (0)4 73 63 51 26',NULL,'rguerin@evrard.net',NULL,'91, impasse Teixeira\n67811 Meunierboeuf',1,4,5),
(26,3,4,1,'2015-06-21 21:50:28','2023-06-28 23:37:31',0,0,'2023-06-28 23:37:31','Mathilde','Nguyen','+33 (0)7 48 16 13 92',NULL,'edouard.guillaume@orange.fr',NULL,'2, rue Foucher\n71873 TraoreBourg',1,4,2),
(27,6,5,1,'1990-08-08 01:56:06','2023-05-06 11:35:11',0,0,'2023-05-06 11:35:11','François','Costa','01 10 49 55 05',NULL,'christophe.blanc@voisin.org',NULL,'chemin Hernandez\n95 637 Hoareau-sur-Lefebvre',1,4,4),
(28,4,5,1,'1999-02-01 23:19:52','2023-03-21 01:11:43',0,0,'2023-03-21 01:11:43','Maggie','Bonneau','+33 8 93 24 67 30',NULL,'nathalie58@bousquet.com',NULL,'74, impasse Élisabeth Roux\n81 781 Peron-sur-Mer',1,4,1),
(29,5,6,1,'2018-04-05 18:02:40','2023-07-14 23:48:28',0,0,'2023-09-04 20:34:11','Capucine','Henry','03 53 46 46 89',NULL,'fledoux@laposte.net',NULL,'58, place Thibault Dufour\n04564 Lefebvre',1,4,5),
(30,4,4,1,'2009-11-25 08:11:15','2023-05-25 09:32:50',0,0,'2023-05-25 09:32:50','Lucie','Huet','+33 (0)9 32 14 29 15',NULL,'camille.martin@free.fr',NULL,'81, rue de Marques\n96513 Gautier-la-Forêt',1,4,5),
(31,3,5,1,'2003-11-23 18:27:24','2023-03-16 00:21:20',0,0,'2023-03-16 00:21:20','Susanne','Salmon','+33 5 13 56 45 16',NULL,'constance.rodriguez@raymond.fr',NULL,'74, place Guillon\n23 052 Samson',1,5,4),
(32,5,5,1,'2012-01-27 10:35:50','2023-01-16 21:13:42',0,0,'2023-09-04 20:36:29','Margaux','Guichard','04 40 06 43 77',NULL,'paul.morin@dijoux.com',NULL,'68, place Mathilde Colin\n78446 Delaunay-sur-Perret',1,2,1),
(33,6,4,1,'2021-12-07 06:22:49','2023-02-13 02:55:50',0,0,'2023-02-13 02:55:50','Laure','Gomez','+33 2 19 62 11 13',NULL,'martin89@hotmail.fr',NULL,'38, chemin de Leconte\n57994 Bernard',1,2,2),
(34,3,4,1,'2011-06-12 06:56:38','2023-04-09 20:24:54',0,0,'2023-04-09 20:24:54','Amélie','Pons','01 03 41 32 53',NULL,'mahe.nath@tele2.fr',NULL,'10, place Inès Dubois\n27067 Marion',1,4,2),
(35,4,5,1,'2023-04-26 03:16:14','2023-06-21 20:26:13',0,0,'2023-06-21 20:26:13','Grégoire','Le Gall','+33 2 25 68 69 68',NULL,'vlemaire@lacroix.fr',NULL,'place Philippe Delmas\n37237 CaronBourg',1,3,2),
(36,4,4,1,'2022-03-11 14:23:44','2023-07-19 20:27:31',0,0,'2023-07-19 20:27:31','Alex','Lecoq','+33 4 78 65 34 69',NULL,'llaroche@joubert.fr',NULL,'42, avenue de Pons\n52432 Germain-sur-Philippe',1,2,1),
(37,3,7,1,'2022-12-02 18:26:33','2023-07-12 03:20:00',0,0,'2023-07-12 03:20:00','Marcel','Monnier','0680200212',NULL,'edavid@hotmail.fr',NULL,'22, boulevard de Chretien\n36 394 Julien-sur-Guilbert',1,3,5),
(38,5,2,1,'2012-12-06 21:01:04','2023-01-26 18:08:44',0,0,'2023-09-04 20:38:12','Claude','Bernard','+33 (0)9 37 22 80 04',NULL,'rsamson@olivier.com',NULL,'894, avenue Coste\n29334 Regnier',1,1,5),
(39,4,8,1,'1999-06-11 17:02:23','2023-03-18 09:55:16',0,0,'2023-03-18 09:55:16','Adèle','Lebrun','+33 8 95 60 36 76',NULL,'agnes.mahe@maillet.net',NULL,'258, avenue Eugène Clement\n70 902 Denis-sur-Mer',1,2,2),
(40,5,3,1,'2013-02-05 23:21:08','2023-01-23 12:39:52',0,0,'2023-01-23 12:39:52','Jérôme','Bigot','+33 (0)8 13 21 74 78',NULL,'schneider.alex@tele2.fr',NULL,'741, chemin Bernard Joly\n63 033 Le Roux',1,1,5),
(41,4,4,1,'1989-01-07 13:24:35','2023-01-27 19:31:20',0,0,'2023-01-27 19:31:20','Benjamin','Leleu','0523026237',NULL,'richard.charrier@legall.fr',NULL,'9, chemin de Dias\n37196 Noelboeuf',1,1,2),
(42,3,5,1,'1976-09-30 23:04:54','2023-06-20 19:13:49',0,0,'2023-06-20 19:13:49','Grégoire','Didier','09 65 06 27 27',NULL,'lucie.clement@wagner.com',NULL,'58, boulevard Claire Lelievre\n29 948 Pinto',1,3,4),
(43,5,7,1,'1973-09-09 03:22:02','2023-05-04 19:15:05',0,0,'2023-05-04 19:15:05','Grégoire','Leroy','+33 4 92 47 99 19',NULL,'robert65@mallet.com',NULL,'92, rue de Verdier\n80333 DelmasBourg',1,4,5),
(44,4,6,1,'1981-05-19 04:45:13','2023-06-06 08:45:41',0,0,'2023-06-06 08:45:41','Honoré','Huet','+33 2 23 65 00 26',NULL,'haubert@live.com',NULL,'881, chemin Dumas\n47 221 Jacob-sur-Dupont',1,2,5),
(45,3,5,1,'1993-09-07 20:20:57','2023-05-16 20:04:56',0,0,'2023-05-16 20:04:56','Georges','Bonnin','0164328607',NULL,'thibaut00@joubert.com',NULL,'276, impasse de Bernier\n67 939 Vallee',1,2,1),
(46,4,3,1,'2004-09-28 20:41:11','2023-05-16 14:12:56',0,0,'2023-05-16 14:12:56','Benoît','Goncalves','+33 9 88 33 82 40',NULL,'lesage.theophile@payet.com',NULL,'9, place Mathilde Dupuis\n42543 Leveque',1,2,1),
(47,3,4,1,'2003-03-31 08:34:19','2023-08-18 19:48:37',0,0,'2023-08-18 19:48:37','Françoise','Guillaume','05 16 17 04 70',NULL,'eledoux@sfr.fr',NULL,'3, impasse Philippe Gregoire\n49 030 BonninVille',1,2,3),
(48,4,7,1,'2002-12-30 11:30:03','2023-07-02 19:55:05',0,0,'2023-07-02 19:55:05','Bernadette','Marion','+33 (0)3 02 03 40 57',NULL,'gblondel@weiss.net',NULL,'27, avenue Laurent Cousin\n64600 Daniel',1,5,2),
(49,3,6,1,'2018-09-21 17:09:59','2023-03-29 08:29:02',0,0,'2023-03-29 08:29:02','Nathalie','Guerin','+33 6 41 23 52 07',NULL,'deschamps.joseph@rocher.org',NULL,'place Morel\n22627 Gautierdan',1,3,2),
(50,3,4,1,'2002-12-18 03:41:50','2023-07-16 12:31:34',0,0,'2023-07-16 12:31:34','William','Descamps','+33 6 73 93 01 05',NULL,'letienne@ramos.com',NULL,'820, chemin Colette Fernandez\n97468 Lopesnec',1,2,4),
(51,5,7,1,'1987-04-19 18:42:35','2023-07-29 20:42:11',0,0,'2023-07-29 20:42:11','Honoré','Benard','+33 1 20 61 85 20',NULL,'jourdan.guy@aubry.fr',NULL,'rue de Pinto\n92427 Beckernec',1,2,3),
(52,6,4,1,'1977-05-01 12:50:11','2023-07-11 08:21:43',0,0,'2023-07-11 08:21:43','Adrien','Collet','0103940249',NULL,'idupre@yahoo.fr',NULL,'161, rue de Legrand\n99 403 Adam',1,3,3),
(53,1,5,1,'2023-05-28 02:16:04','2023-02-02 10:18:14',0,0,'2023-09-02 15:46:27','Édith','Robert','+33 (0)2 57 27 10 97',NULL,'bertrand.thibault@roux.net',NULL,'9, rue de Giraud\n75 440 Lacombe-la-Forêt',1,4,1);
/*!40000 ALTER TABLE `lead` ENABLE KEYS */;
UNLOCK TABLES;

--
-- Table structure for table `lead_cformat_bien`
--

DROP TABLE IF EXISTS `lead_cformat_bien`;
/*!40101 SET @saved_cs_client     = @@character_set_client */;
/*!40101 SET character_set_client = utf8 */;
CREATE TABLE `lead_cformat_bien` (
  `lead_id` int(11) NOT NULL,
  `cformat_bien_id` int(11) NOT NULL,
  PRIMARY KEY (`lead_id`,`cformat_bien_id`),
  KEY `IDX_1D264D4F55458D` (`lead_id`),
  KEY `IDX_1D264D4FB5A85851` (`cformat_bien_id`),
  CONSTRAINT `FK_1D264D4F55458D` FOREIGN KEY (`lead_id`) REFERENCES `lead` (`id`) ON DELETE CASCADE,
  CONSTRAINT `FK_1D264D4FB5A85851` FOREIGN KEY (`cformat_bien_id`) REFERENCES `cformat_bien` (`id`) ON DELETE CASCADE
) ENGINE=InnoDB DEFAULT CHARSET=utf8mb4 COLLATE=utf8mb4_unicode_ci;
/*!40101 SET character_set_client = @saved_cs_client */;

--
-- Dumping data for table `lead_cformat_bien`
--

LOCK TABLES `lead_cformat_bien` WRITE;
/*!40000 ALTER TABLE `lead_cformat_bien` DISABLE KEYS */;
INSERT INTO `lead_cformat_bien` VALUES
(2,5),
(3,5),
(4,7),
(51,11),
(52,9),
(53,8);
/*!40000 ALTER TABLE `lead_cformat_bien` ENABLE KEYS */;
UNLOCK TABLES;

--
-- Table structure for table `lead_state`
--

DROP TABLE IF EXISTS `lead_state`;
/*!40101 SET @saved_cs_client     = @@character_set_client */;
/*!40101 SET character_set_client = utf8 */;
CREATE TABLE `lead_state` (
  `id` int(11) NOT NULL AUTO_INCREMENT,
  `name` varchar(255) NOT NULL,
  `code` varchar(255) NOT NULL,
  `color` varchar(255) NOT NULL,
  `color_border` varchar(255) NOT NULL,
  `color_text` varchar(255) NOT NULL,
  PRIMARY KEY (`id`)
) ENGINE=InnoDB AUTO_INCREMENT=7 DEFAULT CHARSET=utf8mb4 COLLATE=utf8mb4_unicode_ci;
/*!40101 SET character_set_client = @saved_cs_client */;

--
-- Dumping data for table `lead_state`
--

LOCK TABLES `lead_state` WRITE;
/*!40000 ALTER TABLE `lead_state` DISABLE KEYS */;
INSERT INTO `lead_state` VALUES
(1,'Nouveau','NEW','#1160B7','#b1d6f0','#ffffff'),
(2,'Affecté','AFF','#D24726','#a8381e','#ffffff'),
(3,'Qualifié','QAL','#673888','#4d1b7b','#ffffff'),
(4,'En cours','CRS','#ef4f91','#c79dd7','#ffffff'),
(5,'Gagné','GAG','#378b29','#74d680','#ffffff'),
(6,'Perdus','PER','#ff0000','#ff7878','#ffffff');
/*!40000 ALTER TABLE `lead_state` ENABLE KEYS */;
UNLOCK TABLES;

--
-- Table structure for table `messenger_messages`
--

DROP TABLE IF EXISTS `messenger_messages`;
/*!40101 SET @saved_cs_client     = @@character_set_client */;
/*!40101 SET character_set_client = utf8 */;
CREATE TABLE `messenger_messages` (
  `id` bigint(20) NOT NULL AUTO_INCREMENT,
  `body` longtext NOT NULL,
  `headers` longtext NOT NULL,
  `queue_name` varchar(190) NOT NULL,
  `created_at` datetime NOT NULL COMMENT '(DC2Type:datetime_immutable)',
  `available_at` datetime NOT NULL COMMENT '(DC2Type:datetime_immutable)',
  `delivered_at` datetime DEFAULT NULL COMMENT '(DC2Type:datetime_immutable)',
  PRIMARY KEY (`id`),
  KEY `IDX_75EA56E0FB7336F0` (`queue_name`),
  KEY `IDX_75EA56E0E3BD61CE` (`available_at`),
  KEY `IDX_75EA56E016BA31DB` (`delivered_at`)
) ENGINE=InnoDB DEFAULT CHARSET=utf8mb4 COLLATE=utf8mb4_unicode_ci;
/*!40101 SET character_set_client = @saved_cs_client */;

--
-- Dumping data for table `messenger_messages`
--

LOCK TABLES `messenger_messages` WRITE;
/*!40000 ALTER TABLE `messenger_messages` DISABLE KEYS */;
/*!40000 ALTER TABLE `messenger_messages` ENABLE KEYS */;
UNLOCK TABLES;

--
-- Table structure for table `mouvement_compte`
--

DROP TABLE IF EXISTS `mouvement_compte`;
/*!40101 SET @saved_cs_client     = @@character_set_client */;
/*!40101 SET character_set_client = utf8 */;
CREATE TABLE `mouvement_compte` (
  `id` int(11) NOT NULL AUTO_INCREMENT,
  `paiement_history_id` int(11) DEFAULT NULL,
  `charge_history_id` int(11) DEFAULT NULL,
  `compte_from_id` int(11) DEFAULT NULL,
  `compte_to_id` int(11) DEFAULT NULL,
  `is_deleted` tinyint(1) NOT NULL,
  `type_id` int(11) DEFAULT NULL,
  `total` int(11) NOT NULL,
  `date_add` datetime NOT NULL,
  `label` varchar(255) DEFAULT NULL,
  `note` longtext DEFAULT NULL,
  `employee_id` int(11) DEFAULT NULL,
  PRIMARY KEY (`id`),
  KEY `IDX_B5B6DC5688CAEAA2` (`paiement_history_id`),
  KEY `IDX_B5B6DC5686BE04C4` (`charge_history_id`),
  KEY `IDX_B5B6DC56C0A9E55D` (`compte_from_id`),
  KEY `IDX_B5B6DC56C9D4AD0E` (`compte_to_id`),
  KEY `IDX_B5B6DC56C54C8C93` (`type_id`),
  KEY `IDX_B5B6DC568C03F15C` (`employee_id`),
  CONSTRAINT `FK_B5B6DC5686BE04C4` FOREIGN KEY (`charge_history_id`) REFERENCES `charge_history` (`id`),
  CONSTRAINT `FK_B5B6DC5688CAEAA2` FOREIGN KEY (`paiement_history_id`) REFERENCES `paiement_history` (`id`),
  CONSTRAINT `FK_B5B6DC568C03F15C` FOREIGN KEY (`employee_id`) REFERENCES `employee` (`id`),
  CONSTRAINT `FK_B5B6DC56C0A9E55D` FOREIGN KEY (`compte_from_id`) REFERENCES `compte` (`id`),
  CONSTRAINT `FK_B5B6DC56C54C8C93` FOREIGN KEY (`type_id`) REFERENCES `mouvement_compte_type` (`id`),
  CONSTRAINT `FK_B5B6DC56C9D4AD0E` FOREIGN KEY (`compte_to_id`) REFERENCES `compte` (`id`)
) ENGINE=InnoDB AUTO_INCREMENT=5 DEFAULT CHARSET=utf8mb4 COLLATE=utf8mb4_unicode_ci;
/*!40101 SET character_set_client = @saved_cs_client */;

--
-- Dumping data for table `mouvement_compte`
--

LOCK TABLES `mouvement_compte` WRITE;
/*!40000 ALTER TABLE `mouvement_compte` DISABLE KEYS */;
INSERT INTO `mouvement_compte` VALUES
(1,1,NULL,NULL,1,0,1,10000000,'2023-09-04 20:17:27','Paiement de la commande Théodore Boulay','Commande Théodore Boulay - 3',2),
(2,2,NULL,NULL,1,0,1,5000000,'2023-09-04 20:31:07','Paiement de la commande Pierre Laroche','Commande Pierre Laroche - 4',2),
(3,3,NULL,NULL,2,0,1,33000000,'2023-09-04 20:33:20','Paiement de la commande Alain Charpentier','Commande Alain Charpentier - 5',2),
(4,4,NULL,NULL,3,0,1,9000000,'2023-09-04 20:37:47','Paiement de la commande Margaux Guichard','Commande Margaux Guichard - 6',2);
/*!40000 ALTER TABLE `mouvement_compte` ENABLE KEYS */;
UNLOCK TABLES;

--
-- Table structure for table `mouvement_compte_type`
--

DROP TABLE IF EXISTS `mouvement_compte_type`;
/*!40101 SET @saved_cs_client     = @@character_set_client */;
/*!40101 SET character_set_client = utf8 */;
CREATE TABLE `mouvement_compte_type` (
  `id` int(11) NOT NULL AUTO_INCREMENT,
  `name` varchar(255) NOT NULL,
  `code` varchar(255) NOT NULL,
  `color` varchar(255) NOT NULL,
  PRIMARY KEY (`id`)
) ENGINE=InnoDB AUTO_INCREMENT=5 DEFAULT CHARSET=utf8mb4 COLLATE=utf8mb4_unicode_ci;
/*!40101 SET character_set_client = @saved_cs_client */;

--
-- Dumping data for table `mouvement_compte_type`
--

LOCK TABLES `mouvement_compte_type` WRITE;
/*!40000 ALTER TABLE `mouvement_compte_type` DISABLE KEYS */;
INSERT INTO `mouvement_compte_type` VALUES
(1,'Paiement','PAI','#673888'),
(2,'Charege','CHR','#f57323'),
(3,'Sortie','SOR','#378b29'),
(4,'Transfert interne','TRA','#002050');
/*!40000 ALTER TABLE `mouvement_compte_type` ENABLE KEYS */;
UNLOCK TABLES;

--
-- Table structure for table `notification`
--

DROP TABLE IF EXISTS `notification`;
/*!40101 SET @saved_cs_client     = @@character_set_client */;
/*!40101 SET character_set_client = utf8 */;
CREATE TABLE `notification` (
  `id` int(11) NOT NULL AUTO_INCREMENT,
  `employee_id` int(11) DEFAULT NULL,
  `text` longtext NOT NULL,
  `date_add` datetime NOT NULL,
  `is_processed` tinyint(1) NOT NULL,
  `is_deleted` tinyint(1) NOT NULL,
  `type_id` int(11) DEFAULT NULL,
  PRIMARY KEY (`id`),
  KEY `IDX_BF5476CA8C03F15C` (`employee_id`),
  KEY `IDX_BF5476CAC54C8C93` (`type_id`),
  CONSTRAINT `FK_BF5476CA8C03F15C` FOREIGN KEY (`employee_id`) REFERENCES `employee` (`id`),
  CONSTRAINT `FK_BF5476CAC54C8C93` FOREIGN KEY (`type_id`) REFERENCES `notification_type` (`id`)
) ENGINE=InnoDB AUTO_INCREMENT=55 DEFAULT CHARSET=utf8mb4 COLLATE=utf8mb4_unicode_ci;
/*!40101 SET character_set_client = @saved_cs_client */;

--
-- Dumping data for table `notification`
--

LOCK TABLES `notification` WRITE;
/*!40000 ALTER TABLE `notification` DISABLE KEYS */;
INSERT INTO `notification` VALUES
(1,5,'New Lead <a href=\"/dashboard/crm/leads/lead/53\">Édith Robert</a> </br>affected to you by Nadir Delimi','2023-09-01 19:04:49',0,0,NULL),
(2,4,'New Lead <a href=\"/dashboard/crm/leads/lead/52\">Adrien Collet</a> </br>affected to you by Nadir Delimi','2023-09-01 19:04:53',0,0,NULL),
(3,7,'New Lead <a href=\"/dashboard/crm/leads/lead/51\">Honoré Benard</a> </br>affected to you by Nadir Delimi','2023-09-01 19:04:57',0,0,NULL),
(4,4,'New Lead <a href=\"/dashboard/crm/leads/lead/50\">William Descamps</a> </br>affected to you by Nadir Delimi','2023-09-01 19:05:00',0,0,NULL),
(5,6,'New Lead <a href=\"/dashboard/crm/leads/lead/49\">Nathalie Guerin</a> </br>affected to you by Nadir Delimi','2023-09-01 19:05:02',0,0,NULL),
(6,7,'New Lead <a href=\"/dashboard/crm/leads/lead/48\">Bernadette Marion</a> </br>affected to you by Nadir Delimi','2023-09-01 19:05:06',0,0,NULL),
(7,4,'New Lead <a href=\"/dashboard/crm/leads/lead/47\">Françoise Guillaume</a> </br>affected to you by Nadir Delimi','2023-09-01 19:05:13',0,0,NULL),
(8,3,'New Lead <a href=\"/dashboard/crm/leads/lead/46\">Benoît Goncalves</a> </br>affected to you by Nadir Delimi','2023-09-01 19:05:18',0,0,NULL),
(9,5,'New Lead <a href=\"/dashboard/crm/leads/lead/45\">Georges Bonnin</a> </br>affected to you by Nadir Delimi','2023-09-01 19:05:22',0,0,NULL),
(10,6,'New Lead <a href=\"/dashboard/crm/leads/lead/44\">Honoré Huet</a> </br>affected to you by Nadir Delimi','2023-09-01 19:05:27',0,0,NULL),
(11,7,'New Lead <a href=\"/dashboard/crm/leads/lead/43\">Grégoire Leroy</a> </br>affected to you by Nadir Delimi','2023-09-01 19:06:19',0,0,NULL),
(12,5,'New Lead <a href=\"/dashboard/crm/leads/lead/42\">Grégoire Didier</a> </br>affected to you by Nadir Delimi','2023-09-01 19:06:24',0,0,NULL),
(13,4,'New Lead <a href=\"/dashboard/crm/leads/lead/41\">Benjamin Leleu</a> </br>affected to you by Nadir Delimi','2023-09-01 19:06:28',0,0,NULL),
(14,3,'New Lead <a href=\"/dashboard/crm/leads/lead/40\">Jérôme Bigot</a> </br>affected to you by Nadir Delimi','2023-09-01 19:06:33',0,0,NULL),
(15,8,'New Lead <a href=\"/dashboard/crm/leads/lead/39\">Adèle Lebrun</a> </br>affected to you by Nadir Delimi','2023-09-01 19:06:38',0,0,NULL),
(16,2,'New Lead <a href=\"/dashboard/crm/leads/lead/38\">Claude Bernard</a> </br>affected to you by Nadir Delimi','2023-09-01 19:06:44',0,0,NULL),
(17,7,'New Lead <a href=\"/dashboard/crm/leads/lead/37\">Marcel Monnier</a> </br>affected to you by Nadir Delimi','2023-09-01 19:06:58',0,0,NULL),
(18,4,'New Lead <a href=\"/dashboard/crm/leads/lead/36\">Alex Lecoq</a> </br>affected to you by Nadir Delimi','2023-09-01 19:07:03',0,0,NULL),
(19,5,'New Lead <a href=\"/dashboard/crm/leads/lead/35\">Grégoire Le Gall</a> </br>affected to you by Nadir Delimi','2023-09-01 19:07:08',0,0,NULL),
(20,4,'New Lead <a href=\"/dashboard/crm/leads/lead/34\">Amélie Pons</a> </br>affected to you by Nadir Delimi','2023-09-01 19:07:13',0,0,NULL),
(21,4,'New Lead <a href=\"/dashboard/crm/leads/lead/33\">Laure Gomez</a> </br>affected to you by Nadir Delimi','2023-09-01 19:07:20',0,0,NULL),
(22,5,'New Lead <a href=\"/dashboard/crm/leads/lead/32\">Margaux Guichard</a> </br>affected to you by Nadir Delimi','2023-09-01 19:07:27',0,0,NULL),
(23,5,'New Lead <a href=\"/dashboard/crm/leads/lead/31\">Susanne Salmon</a> </br>affected to you by Nadir Delimi','2023-09-01 19:07:33',0,0,NULL),
(24,4,'New Lead <a href=\"/dashboard/crm/leads/lead/30\">Lucie Huet</a> </br>affected to you by Nadir Delimi','2023-09-01 19:07:38',0,0,NULL),
(25,6,'New Lead <a href=\"/dashboard/crm/leads/lead/29\">Capucine Henry</a> </br>affected to you by Nadir Delimi','2023-09-01 19:07:43',0,0,NULL),
(26,5,'New Lead <a href=\"/dashboard/crm/leads/lead/28\">Maggie Bonneau</a> </br>affected to you by Nadir Delimi','2023-09-01 19:07:48',0,0,NULL),
(27,5,'New Lead <a href=\"/dashboard/crm/leads/lead/27\">François Costa</a> </br>affected to you by Nadir Delimi','2023-09-01 19:08:24',0,0,NULL),
(28,4,'New Lead <a href=\"/dashboard/crm/leads/lead/26\">Mathilde Nguyen</a> </br>affected to you by Nadir Delimi','2023-09-01 19:08:41',0,0,NULL),
(29,7,'New Lead <a href=\"/dashboard/crm/leads/lead/25\">Marie Rossi</a> </br>affected to you by Nadir Delimi','2023-09-01 19:08:47',0,0,NULL),
(30,7,'New Lead <a href=\"/dashboard/crm/leads/lead/24\">Gilles Costa</a> </br>affected to you by Nadir Delimi','2023-09-01 19:10:51',0,0,NULL),
(31,5,'New Lead <a href=\"/dashboard/crm/leads/lead/23\">Édouard Lacroix</a> </br>affected to you by Nadir Delimi','2023-09-01 19:10:56',0,0,NULL),
(32,5,'New Lead <a href=\"/dashboard/crm/leads/lead/22\">Michèle Perez</a> </br>affected to you by Nadir Delimi','2023-09-01 19:11:00',0,0,NULL),
(33,4,'New Lead <a href=\"/dashboard/crm/leads/lead/21\">Marcelle Maillot</a> </br>affected to you by Nadir Delimi','2023-09-01 19:11:06',0,0,NULL),
(34,7,'New Lead <a href=\"/dashboard/crm/leads/lead/20\">Timothée Aubert</a> </br>affected to you by Nadir Delimi','2023-09-01 19:11:14',0,0,NULL),
(35,5,'New Lead <a href=\"/dashboard/crm/leads/lead/19\">Henri Becker</a> </br>affected to you by Nadir Delimi','2023-09-01 19:11:31',0,0,NULL),
(36,4,'New Lead <a href=\"/dashboard/crm/leads/lead/18\">Alphonse Dijoux</a> </br>affected to you by Nadir Delimi','2023-09-01 19:11:37',0,0,NULL),
(37,7,'New Lead <a href=\"/dashboard/crm/leads/lead/17\">Agnès Pinto</a> </br>affected to you by Nadir Delimi','2023-09-01 19:11:41',0,0,NULL),
(38,6,'New Lead <a href=\"/dashboard/crm/leads/lead/16\">Alain Charpentier</a> </br>affected to you by Nadir Delimi','2023-09-01 19:11:52',0,0,NULL),
(39,3,'New Lead <a href=\"/dashboard/crm/leads/lead/15\">Luce Meyer</a> </br>affected to you by Nadir Delimi','2023-09-01 19:11:58',0,0,NULL),
(40,4,'New Lead <a href=\"/dashboard/crm/leads/lead/14\">Pierre Laroche</a> </br>affected to you by Nadir Delimi','2023-09-01 19:12:04',0,0,NULL),
(41,5,'New Lead <a href=\"/dashboard/crm/leads/lead/13\">Théodore Boulay</a> </br>affected to you by Nadir Delimi','2023-09-01 19:12:10',0,0,NULL),
(42,6,'New Lead <a href=\"/dashboard/crm/leads/lead/12\">Renée Chartier</a> </br>affected to you by Nadir Delimi','2023-09-01 19:12:14',0,0,NULL),
(43,6,'New Lead <a href=\"/dashboard/crm/leads/lead/11\">Corinne Fleury</a> </br>affected to you by Nadir Delimi','2023-09-01 19:12:19',0,0,NULL),
(44,4,'New Lead <a href=\"/dashboard/crm/leads/lead/10\">Océane Maury</a> </br>affected to you by Nadir Delimi','2023-09-01 19:12:23',0,0,NULL),
(45,7,'New Lead <a href=\"/dashboard/crm/leads/lead/9\">Yves Morin</a> </br>affected to you by Nadir Delimi','2023-09-01 19:12:29',0,0,NULL),
(46,3,'New Lead <a href=\"/dashboard/crm/leads/lead/8\">Théodore Breton</a> </br>affected to you by Nadir Delimi','2023-09-01 19:12:34',0,0,NULL),
(47,4,'New Lead <a href=\"/dashboard/crm/leads/lead/7\">Danielle Francois</a> </br>affected to you by Nadir Delimi','2023-09-01 19:12:37',0,0,NULL),
(48,4,'New Lead <a href=\"/dashboard/crm/leads/lead/6\">Patrick Reynaud</a> </br>affected to you by Nadir Delimi','2023-09-01 19:12:43',0,0,NULL),
(49,7,'New Lead <a href=\"/dashboard/crm/leads/lead/5\">Jérôme Valentin</a> </br>affected to you by Nadir Delimi','2023-09-01 19:12:48',0,0,NULL),
(50,6,'New Lead <a href=\"/dashboard/crm/leads/lead/4\">Roger Olivier</a> </br>affected to you by Nadir Delimi','2023-09-01 19:12:54',0,0,NULL),
(51,5,'<a href=\"/dashboard/crm/leads/lead/53?notification=51\">New Comment</a>','2023-09-01 21:36:14',0,0,NULL),
(52,2,'<a href=\"/dashboard/crm/leads/lead/3?notification=52\">New Comment</a>','2023-09-05 08:31:26',0,0,NULL),
(53,2,'<a href=\"/dashboard/crm/leads/lead/3?notification=53\">New Comment</a>','2023-09-05 08:31:33',1,0,NULL),
(54,5,'<a href=\"/dashboard/crm/leads/lead/31?notification=54\">New Comment</a>','2023-09-05 08:32:00',0,0,NULL);
/*!40000 ALTER TABLE `notification` ENABLE KEYS */;
UNLOCK TABLES;

--
-- Table structure for table `notification_type`
--

DROP TABLE IF EXISTS `notification_type`;
/*!40101 SET @saved_cs_client     = @@character_set_client */;
/*!40101 SET character_set_client = utf8 */;
CREATE TABLE `notification_type` (
  `id` int(11) NOT NULL AUTO_INCREMENT,
  `name` varchar(255) NOT NULL,
  `code` varchar(255) NOT NULL,
  `color` varchar(255) NOT NULL,
  PRIMARY KEY (`id`)
) ENGINE=InnoDB DEFAULT CHARSET=utf8mb4 COLLATE=utf8mb4_unicode_ci;
/*!40101 SET character_set_client = @saved_cs_client */;

--
-- Dumping data for table `notification_type`
--

LOCK TABLES `notification_type` WRITE;
/*!40000 ALTER TABLE `notification_type` DISABLE KEYS */;
/*!40000 ALTER TABLE `notification_type` ENABLE KEYS */;
UNLOCK TABLES;

--
-- Table structure for table `order`
--

DROP TABLE IF EXISTS `order`;
/*!40101 SET @saved_cs_client     = @@character_set_client */;
/*!40101 SET character_set_client = utf8 */;
CREATE TABLE `order` (
  `id` int(11) NOT NULL AUTO_INCREMENT,
  `customer_id` int(11) DEFAULT NULL,
  `order_state_id` int(11) DEFAULT NULL,
  `date_add` datetime NOT NULL,
  `is_valid` tinyint(1) NOT NULL,
  `order_type_id` int(11) DEFAULT NULL,
  `employee_id` int(11) DEFAULT NULL,
  `is_completed` tinyint(1) NOT NULL,
  `total_ht` int(11) DEFAULT NULL,
  `is_deleted` tinyint(1) NOT NULL,
  `date_updated` datetime NOT NULL,
  PRIMARY KEY (`id`),
  KEY `IDX_F52993989395C3F3` (`customer_id`),
  KEY `IDX_F5299398E420DE70` (`order_state_id`),
  KEY `IDX_F5299398333625D8` (`order_type_id`),
  KEY `IDX_F52993988C03F15C` (`employee_id`),
  CONSTRAINT `FK_F5299398333625D8` FOREIGN KEY (`order_type_id`) REFERENCES `order_type` (`id`),
  CONSTRAINT `FK_F52993988C03F15C` FOREIGN KEY (`employee_id`) REFERENCES `employee` (`id`),
  CONSTRAINT `FK_F52993989395C3F3` FOREIGN KEY (`customer_id`) REFERENCES `customer` (`id`),
  CONSTRAINT `FK_F5299398E420DE70` FOREIGN KEY (`order_state_id`) REFERENCES `order_state` (`id`)
) ENGINE=InnoDB AUTO_INCREMENT=7 DEFAULT CHARSET=utf8mb4 COLLATE=utf8mb4_unicode_ci;
/*!40101 SET character_set_client = @saved_cs_client */;

--
-- Dumping data for table `order`
--

LOCK TABLES `order` WRITE;
/*!40000 ALTER TABLE `order` DISABLE KEYS */;
INSERT INTO `order` VALUES
(1,1,1,'2023-09-02 15:51:04',0,4,2,0,NULL,0,'2023-09-02 15:51:04'),
(2,1,1,'2023-09-02 15:51:20',0,4,2,0,5000000,0,'2023-09-02 15:51:20'),
(3,5,2,'2023-09-04 20:13:26',1,3,2,0,70000000,0,'2023-09-04 20:13:26'),
(4,6,2,'2023-09-04 20:30:46',1,1,2,0,21900000,0,'2023-09-04 20:30:46'),
(5,7,2,'2023-09-04 20:32:35',1,3,2,0,90000000,0,'2023-09-04 20:32:35'),
(6,11,2,'2023-09-04 20:36:57',1,4,2,0,33000000,0,'2023-09-04 20:36:57');
/*!40000 ALTER TABLE `order` ENABLE KEYS */;
UNLOCK TABLES;

--
-- Table structure for table `order_history`
--

DROP TABLE IF EXISTS `order_history`;
/*!40101 SET @saved_cs_client     = @@character_set_client */;
/*!40101 SET character_set_client = utf8 */;
CREATE TABLE `order_history` (
  `id` int(11) NOT NULL AUTO_INCREMENT,
  `bien_id` int(11) DEFAULT NULL,
  `additionnal_product_id` int(11) DEFAULT NULL,
  `ordermain_id` int(11) DEFAULT NULL,
  `total_ht` int(11) NOT NULL,
  `date_add` datetime NOT NULL,
  `is_valid` tinyint(1) NOT NULL,
  `is_deleted` tinyint(1) NOT NULL,
  PRIMARY KEY (`id`),
  KEY `IDX_D1C0D900BD95B80F` (`bien_id`),
  KEY `IDX_D1C0D9006460EC90` (`additionnal_product_id`),
  KEY `IDX_D1C0D90058C250DC` (`ordermain_id`),
  CONSTRAINT `FK_D1C0D90058C250DC` FOREIGN KEY (`ordermain_id`) REFERENCES `order` (`id`),
  CONSTRAINT `FK_D1C0D9006460EC90` FOREIGN KEY (`additionnal_product_id`) REFERENCES `cadditionnal_products` (`id`),
  CONSTRAINT `FK_D1C0D900BD95B80F` FOREIGN KEY (`bien_id`) REFERENCES `cbien` (`id`)
) ENGINE=InnoDB AUTO_INCREMENT=6 DEFAULT CHARSET=utf8mb4 COLLATE=utf8mb4_unicode_ci;
/*!40101 SET character_set_client = @saved_cs_client */;

--
-- Dumping data for table `order_history`
--

LOCK TABLES `order_history` WRITE;
/*!40000 ALTER TABLE `order_history` DISABLE KEYS */;
INSERT INTO `order_history` VALUES
(1,2,NULL,2,5000000,'2023-09-02 15:51:20',0,0),
(2,571,NULL,3,70000000,'2023-09-04 20:13:26',1,0),
(3,200,NULL,4,21900000,'2023-09-04 20:30:46',1,0),
(4,574,NULL,5,90000000,'2023-09-04 20:32:35',1,0),
(5,266,NULL,6,33000000,'2023-09-04 20:36:57',1,0);
/*!40000 ALTER TABLE `order_history` ENABLE KEYS */;
UNLOCK TABLES;

--
-- Table structure for table `order_state`
--

DROP TABLE IF EXISTS `order_state`;
/*!40101 SET @saved_cs_client     = @@character_set_client */;
/*!40101 SET character_set_client = utf8 */;
CREATE TABLE `order_state` (
  `id` int(11) NOT NULL AUTO_INCREMENT,
  `name` varchar(255) NOT NULL,
  `code` varchar(255) NOT NULL,
  `color` varchar(255) NOT NULL,
  PRIMARY KEY (`id`)
) ENGINE=InnoDB AUTO_INCREMENT=5 DEFAULT CHARSET=utf8mb4 COLLATE=utf8mb4_unicode_ci;
/*!40101 SET character_set_client = @saved_cs_client */;

--
-- Dumping data for table `order_state`
--

LOCK TABLES `order_state` WRITE;
/*!40000 ALTER TABLE `order_state` DISABLE KEYS */;
INSERT INTO `order_state` VALUES
(1,'En Attente de confirmation','EAC','#d24726'),
(2,'En cours de paiement','ENC','#002050'),
(3,'Payé','PAI','#378b29'),
(4,'Livré','LIV','#74d680');
/*!40000 ALTER TABLE `order_state` ENABLE KEYS */;
UNLOCK TABLES;

--
-- Table structure for table `order_type`
--

DROP TABLE IF EXISTS `order_type`;
/*!40101 SET @saved_cs_client     = @@character_set_client */;
/*!40101 SET character_set_client = utf8 */;
CREATE TABLE `order_type` (
  `id` int(11) NOT NULL AUTO_INCREMENT,
  `name` varchar(255) NOT NULL,
  `code` varchar(255) NOT NULL,
  `color` varchar(255) NOT NULL,
  `text_color` varchar(255) NOT NULL,
  `border_color` varchar(255) NOT NULL,
  PRIMARY KEY (`id`)
) ENGINE=InnoDB AUTO_INCREMENT=5 DEFAULT CHARSET=utf8mb4 COLLATE=utf8mb4_unicode_ci;
/*!40101 SET character_set_client = @saved_cs_client */;

--
-- Dumping data for table `order_type`
--

LOCK TABLES `order_type` WRITE;
/*!40000 ALTER TABLE `order_type` DISABLE KEYS */;
INSERT INTO `order_type` VALUES
(1,'Total Cash','TC','#ededed','#ededed','#ededed'),
(3,'Versements','INS','#ededed','#333','#ededed'),
(4,'Prét bancaire','BNK','#ededed','#333','#ededed');
/*!40000 ALTER TABLE `order_type` ENABLE KEYS */;
UNLOCK TABLES;

--
-- Table structure for table `paiement_history`
--

DROP TABLE IF EXISTS `paiement_history`;
/*!40101 SET @saved_cs_client     = @@character_set_client */;
/*!40101 SET character_set_client = utf8 */;
CREATE TABLE `paiement_history` (
  `id` int(11) NOT NULL AUTO_INCREMENT,
  `employee_id` int(11) DEFAULT NULL,
  `type_id` int(11) DEFAULT NULL,
  `customer_id` int(11) DEFAULT NULL,
  `total` int(11) NOT NULL,
  `date_add` datetime NOT NULL,
  `is_valid` tinyint(1) NOT NULL,
  `is_deleted` tinyint(1) NOT NULL,
  `order_paiement_id` int(11) DEFAULT NULL,
  `note` longtext DEFAULT NULL,
  `compte_id` int(11) DEFAULT NULL,
  PRIMARY KEY (`id`),
  KEY `IDX_3A80C0BA8C03F15C` (`employee_id`),
  KEY `IDX_3A80C0BAC54C8C93` (`type_id`),
  KEY `IDX_3A80C0BA9395C3F3` (`customer_id`),
  KEY `IDX_3A80C0BA31FE3BFE` (`order_paiement_id`),
  KEY `IDX_3A80C0BAF2C56620` (`compte_id`),
  CONSTRAINT `FK_3A80C0BA31FE3BFE` FOREIGN KEY (`order_paiement_id`) REFERENCES `order` (`id`),
  CONSTRAINT `FK_3A80C0BA8C03F15C` FOREIGN KEY (`employee_id`) REFERENCES `employee` (`id`),
  CONSTRAINT `FK_3A80C0BA9395C3F3` FOREIGN KEY (`customer_id`) REFERENCES `customer` (`id`),
  CONSTRAINT `FK_3A80C0BAC54C8C93` FOREIGN KEY (`type_id`) REFERENCES `paiement_type` (`id`),
  CONSTRAINT `FK_3A80C0BAF2C56620` FOREIGN KEY (`compte_id`) REFERENCES `compte` (`id`)
) ENGINE=InnoDB AUTO_INCREMENT=6 DEFAULT CHARSET=utf8mb4 COLLATE=utf8mb4_unicode_ci;
/*!40101 SET character_set_client = @saved_cs_client */;

--
-- Dumping data for table `paiement_history`
--

LOCK TABLES `paiement_history` WRITE;
/*!40000 ALTER TABLE `paiement_history` DISABLE KEYS */;
INSERT INTO `paiement_history` VALUES
(1,2,1,5,10000000,'2023-09-04 20:17:27',1,0,3,'Avance de 10 Millions de DA',1),
(2,2,1,6,5000000,'2023-09-04 20:31:07',1,0,4,'Versement Cash',1),
(3,2,3,7,33000000,'2023-09-04 20:33:20',1,0,5,NULL,2),
(4,2,2,11,9000000,'2023-09-04 20:37:47',1,0,6,NULL,3),
(5,2,2,1,4500000,'2023-09-04 20:39:51',0,0,1,NULL,2);
/*!40000 ALTER TABLE `paiement_history` ENABLE KEYS */;
UNLOCK TABLES;

--
-- Table structure for table `paiement_type`
--

DROP TABLE IF EXISTS `paiement_type`;
/*!40101 SET @saved_cs_client     = @@character_set_client */;
/*!40101 SET character_set_client = utf8 */;
CREATE TABLE `paiement_type` (
  `id` int(11) NOT NULL AUTO_INCREMENT,
  `name` varchar(255) NOT NULL,
  `code` varchar(255) NOT NULL,
  `color` varchar(255) NOT NULL,
  PRIMARY KEY (`id`)
) ENGINE=InnoDB AUTO_INCREMENT=5 DEFAULT CHARSET=utf8mb4 COLLATE=utf8mb4_unicode_ci;
/*!40101 SET character_set_client = @saved_cs_client */;

--
-- Dumping data for table `paiement_type`
--

LOCK TABLES `paiement_type` WRITE;
/*!40000 ALTER TABLE `paiement_type` DISABLE KEYS */;
INSERT INTO `paiement_type` VALUES
(1,'Cache','CASH','#ededed'),
(2,'Versement','VRS','#ededed'),
(3,'Virement','VIR','#ededed'),
(4,'Cheque','CHK','#ededed');
/*!40000 ALTER TABLE `paiement_type` ENABLE KEYS */;
UNLOCK TABLES;

--
-- Table structure for table `task`
--

DROP TABLE IF EXISTS `task`;
/*!40101 SET @saved_cs_client     = @@character_set_client */;
/*!40101 SET character_set_client = utf8 */;
CREATE TABLE `task` (
  `id` int(11) NOT NULL AUTO_INCREMENT,
  `assined_by_id` int(11) DEFAULT NULL,
  `team_id` int(11) DEFAULT NULL,
  `status_id` int(11) DEFAULT NULL,
  `name` varchar(255) NOT NULL,
  `description` longtext NOT NULL,
  `du_date` datetime NOT NULL,
  `is_completed` tinyint(1) NOT NULL,
  PRIMARY KEY (`id`),
  KEY `IDX_527EDB2527B9FC31` (`assined_by_id`),
  KEY `IDX_527EDB25296CD8AE` (`team_id`),
  KEY `IDX_527EDB256BF700BD` (`status_id`),
  CONSTRAINT `FK_527EDB2527B9FC31` FOREIGN KEY (`assined_by_id`) REFERENCES `employee` (`id`),
  CONSTRAINT `FK_527EDB25296CD8AE` FOREIGN KEY (`team_id`) REFERENCES `team` (`id`),
  CONSTRAINT `FK_527EDB256BF700BD` FOREIGN KEY (`status_id`) REFERENCES `task_status` (`id`)
) ENGINE=InnoDB DEFAULT CHARSET=utf8mb4 COLLATE=utf8mb4_unicode_ci;
/*!40101 SET character_set_client = @saved_cs_client */;

--
-- Dumping data for table `task`
--

LOCK TABLES `task` WRITE;
/*!40000 ALTER TABLE `task` DISABLE KEYS */;
/*!40000 ALTER TABLE `task` ENABLE KEYS */;
UNLOCK TABLES;

--
-- Table structure for table `task_document`
--

DROP TABLE IF EXISTS `task_document`;
/*!40101 SET @saved_cs_client     = @@character_set_client */;
/*!40101 SET character_set_client = utf8 */;
CREATE TABLE `task_document` (
  `task_id` int(11) NOT NULL,
  `document_id` int(11) NOT NULL,
  PRIMARY KEY (`task_id`,`document_id`),
  KEY `IDX_98A9603A8DB60186` (`task_id`),
  KEY `IDX_98A9603AC33F7837` (`document_id`),
  CONSTRAINT `FK_98A9603A8DB60186` FOREIGN KEY (`task_id`) REFERENCES `task` (`id`) ON DELETE CASCADE,
  CONSTRAINT `FK_98A9603AC33F7837` FOREIGN KEY (`document_id`) REFERENCES `document` (`id`) ON DELETE CASCADE
) ENGINE=InnoDB DEFAULT CHARSET=utf8mb4 COLLATE=utf8mb4_unicode_ci;
/*!40101 SET character_set_client = @saved_cs_client */;

--
-- Dumping data for table `task_document`
--

LOCK TABLES `task_document` WRITE;
/*!40000 ALTER TABLE `task_document` DISABLE KEYS */;
/*!40000 ALTER TABLE `task_document` ENABLE KEYS */;
UNLOCK TABLES;

--
-- Table structure for table `task_employee`
--

DROP TABLE IF EXISTS `task_employee`;
/*!40101 SET @saved_cs_client     = @@character_set_client */;
/*!40101 SET character_set_client = utf8 */;
CREATE TABLE `task_employee` (
  `task_id` int(11) NOT NULL,
  `employee_id` int(11) NOT NULL,
  PRIMARY KEY (`task_id`,`employee_id`),
  KEY `IDX_1D5F9FED8DB60186` (`task_id`),
  KEY `IDX_1D5F9FED8C03F15C` (`employee_id`),
  CONSTRAINT `FK_1D5F9FED8C03F15C` FOREIGN KEY (`employee_id`) REFERENCES `employee` (`id`) ON DELETE CASCADE,
  CONSTRAINT `FK_1D5F9FED8DB60186` FOREIGN KEY (`task_id`) REFERENCES `task` (`id`) ON DELETE CASCADE
) ENGINE=InnoDB DEFAULT CHARSET=utf8mb4 COLLATE=utf8mb4_unicode_ci;
/*!40101 SET character_set_client = @saved_cs_client */;

--
-- Dumping data for table `task_employee`
--

LOCK TABLES `task_employee` WRITE;
/*!40000 ALTER TABLE `task_employee` DISABLE KEYS */;
/*!40000 ALTER TABLE `task_employee` ENABLE KEYS */;
UNLOCK TABLES;

--
-- Table structure for table `task_reminder`
--

DROP TABLE IF EXISTS `task_reminder`;
/*!40101 SET @saved_cs_client     = @@character_set_client */;
/*!40101 SET character_set_client = utf8 */;
CREATE TABLE `task_reminder` (
  `id` int(11) NOT NULL AUTO_INCREMENT,
  `date_add` datetime NOT NULL,
  `remind_date` datetime NOT NULL,
  PRIMARY KEY (`id`)
) ENGINE=InnoDB DEFAULT CHARSET=utf8mb4 COLLATE=utf8mb4_unicode_ci;
/*!40101 SET character_set_client = @saved_cs_client */;

--
-- Dumping data for table `task_reminder`
--

LOCK TABLES `task_reminder` WRITE;
/*!40000 ALTER TABLE `task_reminder` DISABLE KEYS */;
/*!40000 ALTER TABLE `task_reminder` ENABLE KEYS */;
UNLOCK TABLES;

--
-- Table structure for table `task_reminder_employee`
--

DROP TABLE IF EXISTS `task_reminder_employee`;
/*!40101 SET @saved_cs_client     = @@character_set_client */;
/*!40101 SET character_set_client = utf8 */;
CREATE TABLE `task_reminder_employee` (
  `task_reminder_id` int(11) NOT NULL,
  `employee_id` int(11) NOT NULL,
  PRIMARY KEY (`task_reminder_id`,`employee_id`),
  KEY `IDX_D61F2E6A9FF21347` (`task_reminder_id`),
  KEY `IDX_D61F2E6A8C03F15C` (`employee_id`),
  CONSTRAINT `FK_D61F2E6A8C03F15C` FOREIGN KEY (`employee_id`) REFERENCES `employee` (`id`) ON DELETE CASCADE,
  CONSTRAINT `FK_D61F2E6A9FF21347` FOREIGN KEY (`task_reminder_id`) REFERENCES `task_reminder` (`id`) ON DELETE CASCADE
) ENGINE=InnoDB DEFAULT CHARSET=utf8mb4 COLLATE=utf8mb4_unicode_ci;
/*!40101 SET character_set_client = @saved_cs_client */;

--
-- Dumping data for table `task_reminder_employee`
--

LOCK TABLES `task_reminder_employee` WRITE;
/*!40000 ALTER TABLE `task_reminder_employee` DISABLE KEYS */;
/*!40000 ALTER TABLE `task_reminder_employee` ENABLE KEYS */;
UNLOCK TABLES;

--
-- Table structure for table `task_status`
--

DROP TABLE IF EXISTS `task_status`;
/*!40101 SET @saved_cs_client     = @@character_set_client */;
/*!40101 SET character_set_client = utf8 */;
CREATE TABLE `task_status` (
  `id` int(11) NOT NULL AUTO_INCREMENT,
  `name` varchar(255) NOT NULL,
  `code` varchar(255) NOT NULL,
  `bg_color` varchar(255) DEFAULT NULL,
  `text_color` varchar(20) DEFAULT NULL,
  `border_color` varchar(20) DEFAULT NULL,
  `is_final` tinyint(1) DEFAULT NULL,
  PRIMARY KEY (`id`)
) ENGINE=InnoDB DEFAULT CHARSET=utf8mb4 COLLATE=utf8mb4_unicode_ci;
/*!40101 SET character_set_client = @saved_cs_client */;

--
-- Dumping data for table `task_status`
--

LOCK TABLES `task_status` WRITE;
/*!40000 ALTER TABLE `task_status` DISABLE KEYS */;
/*!40000 ALTER TABLE `task_status` ENABLE KEYS */;
UNLOCK TABLES;

--
-- Table structure for table `task_status_history`
--

DROP TABLE IF EXISTS `task_status_history`;
/*!40101 SET @saved_cs_client     = @@character_set_client */;
/*!40101 SET character_set_client = utf8 */;
CREATE TABLE `task_status_history` (
  `id` int(11) NOT NULL AUTO_INCREMENT,
  `task_id` int(11) DEFAULT NULL,
  `status_id` int(11) DEFAULT NULL,
  `employee_id` int(11) DEFAULT NULL,
  `date_add` datetime NOT NULL,
  PRIMARY KEY (`id`),
  KEY `IDX_334371618DB60186` (`task_id`),
  KEY `IDX_334371616BF700BD` (`status_id`),
  KEY `IDX_334371618C03F15C` (`employee_id`),
  CONSTRAINT `FK_334371616BF700BD` FOREIGN KEY (`status_id`) REFERENCES `task_status` (`id`),
  CONSTRAINT `FK_334371618C03F15C` FOREIGN KEY (`employee_id`) REFERENCES `employee` (`id`),
  CONSTRAINT `FK_334371618DB60186` FOREIGN KEY (`task_id`) REFERENCES `task` (`id`)
) ENGINE=InnoDB DEFAULT CHARSET=utf8mb4 COLLATE=utf8mb4_unicode_ci;
/*!40101 SET character_set_client = @saved_cs_client */;

--
-- Dumping data for table `task_status_history`
--

LOCK TABLES `task_status_history` WRITE;
/*!40000 ALTER TABLE `task_status_history` DISABLE KEYS */;
/*!40000 ALTER TABLE `task_status_history` ENABLE KEYS */;
UNLOCK TABLES;

--
-- Table structure for table `team`
--

DROP TABLE IF EXISTS `team`;
/*!40101 SET @saved_cs_client     = @@character_set_client */;
/*!40101 SET character_set_client = utf8 */;
CREATE TABLE `team` (
  `id` int(11) NOT NULL AUTO_INCREMENT,
  `manager_id` int(11) DEFAULT NULL,
  `name` varchar(255) NOT NULL,
  `is_deleted` tinyint(1) NOT NULL,
  `date_add` datetime NOT NULL,
  PRIMARY KEY (`id`),
  KEY `IDX_C4E0A61F783E3463` (`manager_id`),
  CONSTRAINT `FK_C4E0A61F783E3463` FOREIGN KEY (`manager_id`) REFERENCES `employee` (`id`)
) ENGINE=InnoDB DEFAULT CHARSET=utf8mb4 COLLATE=utf8mb4_unicode_ci;
/*!40101 SET character_set_client = @saved_cs_client */;

--
-- Dumping data for table `team`
--

LOCK TABLES `team` WRITE;
/*!40000 ALTER TABLE `team` DISABLE KEYS */;
/*!40000 ALTER TABLE `team` ENABLE KEYS */;
UNLOCK TABLES;

--
-- Table structure for table `team_employee`
--

DROP TABLE IF EXISTS `team_employee`;
/*!40101 SET @saved_cs_client     = @@character_set_client */;
/*!40101 SET character_set_client = utf8 */;
CREATE TABLE `team_employee` (
  `team_id` int(11) NOT NULL,
  `employee_id` int(11) NOT NULL,
  PRIMARY KEY (`team_id`,`employee_id`),
  KEY `IDX_E5DDA9DF296CD8AE` (`team_id`),
  KEY `IDX_E5DDA9DF8C03F15C` (`employee_id`),
  CONSTRAINT `FK_E5DDA9DF296CD8AE` FOREIGN KEY (`team_id`) REFERENCES `team` (`id`) ON DELETE CASCADE,
  CONSTRAINT `FK_E5DDA9DF8C03F15C` FOREIGN KEY (`employee_id`) REFERENCES `employee` (`id`) ON DELETE CASCADE
) ENGINE=InnoDB DEFAULT CHARSET=utf8mb4 COLLATE=utf8mb4_unicode_ci;
/*!40101 SET character_set_client = @saved_cs_client */;

--
-- Dumping data for table `team_employee`
--

LOCK TABLES `team_employee` WRITE;
/*!40000 ALTER TABLE `team_employee` DISABLE KEYS */;
/*!40000 ALTER TABLE `team_employee` ENABLE KEYS */;
UNLOCK TABLES;

--
-- Table structure for table `todo`
--

DROP TABLE IF EXISTS `todo`;
/*!40101 SET @saved_cs_client     = @@character_set_client */;
/*!40101 SET character_set_client = utf8 */;
CREATE TABLE `todo` (
  `id` int(11) NOT NULL AUTO_INCREMENT,
  `text` varchar(255) NOT NULL,
  `is_done` tinyint(1) NOT NULL,
  `date_done` datetime DEFAULT NULL,
  `todolist_id` int(11) DEFAULT NULL,
  `order_in_list` int(11) NOT NULL,
  PRIMARY KEY (`id`),
  KEY `IDX_5A0EB6A0AD16642A` (`todolist_id`),
  CONSTRAINT `FK_5A0EB6A0AD16642A` FOREIGN KEY (`todolist_id`) REFERENCES `todo_list` (`id`)
) ENGINE=InnoDB AUTO_INCREMENT=210 DEFAULT CHARSET=utf8mb4 COLLATE=utf8mb4_unicode_ci;
/*!40101 SET character_set_client = @saved_cs_client */;

--
-- Dumping data for table `todo`
--

LOCK TABLES `todo` WRITE;
/*!40000 ALTER TABLE `todo` DISABLE KEYS */;
INSERT INTO `todo` VALUES
(2,'Demander les informations de contact',0,NULL,2,1),
(3,'Capacité financiére',0,NULL,2,2),
(4,'envoyer les photos sur whatsapp',0,NULL,2,3),
(5,'Envoyer la brochure du projet',0,NULL,2,4),
(6,'Fixer un rendez-vous',0,NULL,2,5),
(7,'Dossier de vente',0,NULL,3,1),
(8,'Convenir visite',0,NULL,3,2),
(9,'Créer la commande',0,NULL,3,3),
(10,'Cuisine personnalisé',0,NULL,3,4),
(11,'Premier versement',0,NULL,3,5),
(12,'Premier versement',0,NULL,4,1),
(13,'Créer un calendrier des versements',0,NULL,4,2),
(14,'Reserver le bien',0,NULL,4,3),
(15,'Demander une recommandation',0,NULL,4,4),
(16,'Demander les informations de contact',0,NULL,5,1),
(17,'Capacité financiére',0,NULL,5,2),
(18,'envoyer les photos sur whatsapp',0,NULL,5,3),
(19,'Envoyer la brochure du projet',0,NULL,5,4),
(20,'Fixer un rendez-vous',0,NULL,5,5),
(21,'Demander les informations de contact',0,NULL,6,1),
(22,'Capacité financiére',0,NULL,6,2),
(23,'envoyer les photos sur whatsapp',0,NULL,6,3),
(24,'Envoyer la brochure du projet',0,NULL,6,4),
(25,'Fixer un rendez-vous',0,NULL,6,5),
(26,'Demander les informations de contact',0,NULL,7,1),
(27,'Capacité financiére',0,NULL,7,2),
(28,'envoyer les photos sur whatsapp',0,NULL,7,3),
(29,'Envoyer la brochure du projet',0,NULL,7,4),
(30,'Fixer un rendez-vous',0,NULL,7,5),
(31,'Demander les informations de contact',0,NULL,8,1),
(32,'Capacité financiére',0,NULL,8,2),
(33,'envoyer les photos sur whatsapp',0,NULL,8,3),
(34,'Envoyer la brochure du projet',0,NULL,8,4),
(35,'Fixer un rendez-vous',0,NULL,8,5),
(36,'Demander les informations de contact',0,NULL,9,1),
(37,'Capacité financiére',0,NULL,9,2),
(38,'envoyer les photos sur whatsapp',0,NULL,9,3),
(39,'Envoyer la brochure du projet',0,NULL,9,4),
(40,'Fixer un rendez-vous',0,NULL,9,5),
(41,'Dossier de vente',0,NULL,10,1),
(42,'Convenir visite',0,NULL,10,2),
(43,'Créer la commande',0,NULL,10,3),
(44,'Cuisine personnalisé',0,NULL,10,4),
(45,'Premier versement',0,NULL,10,5),
(46,'Premier versement',0,NULL,11,1),
(47,'Créer un calendrier des versements',0,NULL,11,2),
(48,'Reserver le bien',0,NULL,11,3),
(49,'Demander une recommandation',0,NULL,11,4),
(50,'Demander les informations de contact',0,NULL,12,1),
(51,'Capacité financiére',0,NULL,12,2),
(52,'envoyer les photos sur whatsapp',0,NULL,12,3),
(53,'Envoyer la brochure du projet',0,NULL,12,4),
(54,'Fixer un rendez-vous',0,NULL,12,5),
(55,'Demander les informations de contact',0,NULL,13,1),
(56,'Capacité financiére',0,NULL,13,2),
(57,'envoyer les photos sur whatsapp',0,NULL,13,3),
(58,'Envoyer la brochure du projet',0,NULL,13,4),
(59,'Fixer un rendez-vous',0,NULL,13,5),
(60,'Demander les informations de contact',0,NULL,14,1),
(61,'Capacité financiére',0,NULL,14,2),
(62,'envoyer les photos sur whatsapp',0,NULL,14,3),
(63,'Envoyer la brochure du projet',0,NULL,14,4),
(64,'Fixer un rendez-vous',0,NULL,14,5),
(65,'Demander les informations de contact',0,NULL,15,1),
(66,'Capacité financiére',0,NULL,15,2),
(67,'envoyer les photos sur whatsapp',0,NULL,15,3),
(68,'Envoyer la brochure du projet',0,NULL,15,4),
(69,'Fixer un rendez-vous',0,NULL,15,5),
(70,'Demander les informations de contact',0,NULL,16,1),
(71,'Capacité financiére',0,NULL,16,2),
(72,'envoyer les photos sur whatsapp',0,NULL,16,3),
(73,'Envoyer la brochure du projet',0,NULL,16,4),
(74,'Fixer un rendez-vous',0,NULL,16,5),
(75,'Demander les informations de contact',0,NULL,17,1),
(76,'Capacité financiére',0,NULL,17,2),
(77,'envoyer les photos sur whatsapp',0,NULL,17,3),
(78,'Envoyer la brochure du projet',0,NULL,17,4),
(79,'Fixer un rendez-vous',0,NULL,17,5),
(80,'Demander les informations de contact',0,NULL,18,1),
(81,'Capacité financiére',0,NULL,18,2),
(82,'envoyer les photos sur whatsapp',0,NULL,18,3),
(83,'Envoyer la brochure du projet',0,NULL,18,4),
(84,'Fixer un rendez-vous',0,NULL,18,5),
(85,'Demander les informations de contact',0,NULL,19,1),
(86,'Capacité financiére',0,NULL,19,2),
(87,'envoyer les photos sur whatsapp',0,NULL,19,3),
(88,'Envoyer la brochure du projet',0,NULL,19,4),
(89,'Fixer un rendez-vous',0,NULL,19,5),
(90,'Demander les informations de contact',0,NULL,20,1),
(91,'Capacité financiére',0,NULL,20,2),
(92,'envoyer les photos sur whatsapp',0,NULL,20,3),
(93,'Envoyer la brochure du projet',0,NULL,20,4),
(94,'Fixer un rendez-vous',0,NULL,20,5),
(95,'Demander les informations de contact',0,NULL,21,1),
(96,'Capacité financiére',0,NULL,21,2),
(97,'envoyer les photos sur whatsapp',0,NULL,21,3),
(98,'Envoyer la brochure du projet',0,NULL,21,4),
(99,'Fixer un rendez-vous',0,NULL,21,5),
(100,'Demander les informations de contact',0,NULL,22,1),
(101,'Capacité financiére',0,NULL,22,2),
(102,'envoyer les photos sur whatsapp',0,NULL,22,3),
(103,'Envoyer la brochure du projet',0,NULL,22,4),
(104,'Fixer un rendez-vous',0,NULL,22,5),
(105,'Demander les informations de contact',0,NULL,23,1),
(106,'Capacité financiére',0,NULL,23,2),
(107,'envoyer les photos sur whatsapp',0,NULL,23,3),
(108,'Envoyer la brochure du projet',0,NULL,23,4),
(109,'Fixer un rendez-vous',0,NULL,23,5),
(110,'Demander les informations de contact',0,NULL,24,1),
(111,'Capacité financiére',0,NULL,24,2),
(112,'envoyer les photos sur whatsapp',0,NULL,24,3),
(113,'Envoyer la brochure du projet',0,NULL,24,4),
(114,'Fixer un rendez-vous',0,NULL,24,5),
(115,'Dossier de vente',0,NULL,25,1),
(116,'Convenir visite',0,NULL,25,2),
(117,'Créer la commande',0,NULL,25,3),
(118,'Cuisine personnalisé',0,NULL,25,4),
(119,'Premier versement',0,NULL,25,5),
(120,'Dossier de vente',0,NULL,26,1),
(121,'Convenir visite',0,NULL,26,2),
(122,'Créer la commande',0,NULL,26,3),
(123,'Cuisine personnalisé',0,NULL,26,4),
(124,'Premier versement',0,NULL,26,5),
(125,'Dossier de vente',0,NULL,27,1),
(126,'Convenir visite',0,NULL,27,2),
(127,'Créer la commande',0,NULL,27,3),
(128,'Cuisine personnalisé',0,NULL,27,4),
(129,'Premier versement',0,NULL,27,5),
(130,'Dossier de vente',0,NULL,28,1),
(131,'Convenir visite',0,NULL,28,2),
(132,'Créer la commande',0,NULL,28,3),
(133,'Cuisine personnalisé',0,NULL,28,4),
(134,'Premier versement',0,NULL,28,5),
(135,'Premier versement',1,'2023-09-04 20:29:31',29,1),
(136,'Créer un calendrier des versements',1,'2023-09-04 20:29:34',29,2),
(137,'Reserver le bien',0,NULL,29,3),
(138,'Demander une recommandation',0,NULL,29,4),
(139,'Dossier de vente',0,NULL,30,1),
(140,'Convenir visite',0,NULL,30,2),
(141,'Créer la commande',0,NULL,30,3),
(142,'Cuisine personnalisé',0,NULL,30,4),
(143,'Premier versement',0,NULL,30,5),
(144,'Premier versement',1,'2023-09-04 20:31:31',31,1),
(145,'Créer un calendrier des versements',0,NULL,31,2),
(146,'Reserver le bien',0,NULL,31,3),
(147,'Demander une recommandation',0,NULL,31,4),
(148,'Dossier de vente',0,NULL,32,1),
(149,'Convenir visite',0,NULL,32,2),
(150,'Créer la commande',0,NULL,32,3),
(151,'Cuisine personnalisé',0,NULL,32,4),
(152,'Premier versement',0,NULL,32,5),
(153,'Premier versement',1,'2023-09-04 20:33:26',33,1),
(154,'Créer un calendrier des versements',1,'2023-09-04 20:33:29',33,2),
(155,'Reserver le bien',0,NULL,33,3),
(156,'Demander une recommandation',0,NULL,33,4),
(157,'Dossier de vente',0,NULL,34,1),
(158,'Convenir visite',0,NULL,34,2),
(159,'Créer la commande',0,NULL,34,3),
(160,'Cuisine personnalisé',0,NULL,34,4),
(161,'Premier versement',0,NULL,34,5),
(162,'Dossier de vente',0,NULL,35,1),
(163,'Convenir visite',0,NULL,35,2),
(164,'Créer la commande',0,NULL,35,3),
(165,'Cuisine personnalisé',0,NULL,35,4),
(166,'Premier versement',0,NULL,35,5),
(167,'Dossier de vente',0,NULL,36,1),
(168,'Convenir visite',0,NULL,36,2),
(169,'Créer la commande',0,NULL,36,3),
(170,'Cuisine personnalisé',0,NULL,36,4),
(171,'Premier versement',0,NULL,36,5),
(172,'Dossier de vente',0,NULL,37,1),
(173,'Convenir visite',0,NULL,37,2),
(174,'Créer la commande',0,NULL,37,3),
(175,'Cuisine personnalisé',0,NULL,37,4),
(176,'Premier versement',0,NULL,37,5),
(177,'Premier versement',1,'2023-09-04 20:38:07',38,1),
(178,'Créer un calendrier des versements',0,NULL,38,2),
(179,'Reserver le bien',0,NULL,38,3),
(180,'Demander une recommandation',0,NULL,38,4),
(181,'Dossier de vente',1,'2023-09-04 20:38:29',39,1),
(182,'Convenir visite',0,NULL,39,2),
(183,'Créer la commande',0,NULL,39,3),
(184,'Cuisine personnalisé',0,NULL,39,4),
(185,'Premier versement',0,NULL,39,5),
(186,'Premier versement',0,NULL,40,1),
(187,'Créer un calendrier des versements',0,NULL,40,2),
(188,'Reserver le bien',0,NULL,40,3),
(189,'Demander une recommandation',0,NULL,40,4),
(190,'Demander les informations de contact',0,NULL,41,1),
(191,'Capacité financiére',0,NULL,41,2),
(192,'envoyer les photos sur whatsapp',0,NULL,41,3),
(193,'Envoyer la brochure du projet',0,NULL,41,4),
(194,'Fixer un rendez-vous',0,NULL,41,5),
(195,'Demander les informations de contact',0,NULL,42,1),
(196,'Capacité financiére',0,NULL,42,2),
(197,'envoyer les photos sur whatsapp',0,NULL,42,3),
(198,'Envoyer la brochure du projet',0,NULL,42,4),
(199,'Fixer un rendez-vous',0,NULL,42,5),
(200,'Demander les informations de contact',0,NULL,43,1),
(201,'Capacité financiére',0,NULL,43,2),
(202,'envoyer les photos sur whatsapp',0,NULL,43,3),
(203,'Envoyer la brochure du projet',0,NULL,43,4),
(204,'Fixer un rendez-vous',0,NULL,43,5),
(205,'Demander les informations de contact',0,NULL,44,1),
(206,'Capacité financiére',0,NULL,44,2),
(207,'envoyer les photos sur whatsapp',0,NULL,44,3),
(208,'Envoyer la brochure du projet',0,NULL,44,4),
(209,'Fixer un rendez-vous',0,NULL,44,5);
/*!40000 ALTER TABLE `todo` ENABLE KEYS */;
UNLOCK TABLES;

--
-- Table structure for table `todo_list`
--

DROP TABLE IF EXISTS `todo_list`;
/*!40101 SET @saved_cs_client     = @@character_set_client */;
/*!40101 SET character_set_client = utf8 */;
CREATE TABLE `todo_list` (
  `id` int(11) NOT NULL AUTO_INCREMENT,
  `employee_id` int(11) DEFAULT NULL,
  `team_id` int(11) DEFAULT NULL,
  `name` varchar(255) NOT NULL,
  `is_deleted` tinyint(1) NOT NULL,
  `contact_id` int(11) DEFAULT NULL,
  `lead_id` int(11) DEFAULT NULL,
  `customer_id` int(11) DEFAULT NULL,
  `customer_order_id` int(11) DEFAULT NULL,
  `task_id` int(11) DEFAULT NULL,
  `is_completed` tinyint(1) NOT NULL,
  `date_add` datetime NOT NULL,
  `completed_date` datetime DEFAULT NULL,
  `is_template` tinyint(1) NOT NULL,
  PRIMARY KEY (`id`),
  KEY `IDX_1B199E078C03F15C` (`employee_id`),
  KEY `IDX_1B199E07296CD8AE` (`team_id`),
  KEY `IDX_1B199E07E7A1254A` (`contact_id`),
  KEY `IDX_1B199E0755458D` (`lead_id`),
  KEY `IDX_1B199E079395C3F3` (`customer_id`),
  KEY `IDX_1B199E07A15A2E17` (`customer_order_id`),
  KEY `IDX_1B199E078DB60186` (`task_id`),
  CONSTRAINT `FK_1B199E07296CD8AE` FOREIGN KEY (`team_id`) REFERENCES `team` (`id`),
  CONSTRAINT `FK_1B199E0755458D` FOREIGN KEY (`lead_id`) REFERENCES `lead` (`id`),
  CONSTRAINT `FK_1B199E078C03F15C` FOREIGN KEY (`employee_id`) REFERENCES `employee` (`id`),
  CONSTRAINT `FK_1B199E078DB60186` FOREIGN KEY (`task_id`) REFERENCES `task` (`id`),
  CONSTRAINT `FK_1B199E079395C3F3` FOREIGN KEY (`customer_id`) REFERENCES `customer` (`id`),
  CONSTRAINT `FK_1B199E07A15A2E17` FOREIGN KEY (`customer_order_id`) REFERENCES `order` (`id`),
  CONSTRAINT `FK_1B199E07E7A1254A` FOREIGN KEY (`contact_id`) REFERENCES `contact` (`id`)
) ENGINE=InnoDB AUTO_INCREMENT=45 DEFAULT CHARSET=utf8mb4 COLLATE=utf8mb4_unicode_ci;
/*!40101 SET character_set_client = @saved_cs_client */;

--
-- Dumping data for table `todo_list`
--

LOCK TABLES `todo_list` WRITE;
/*!40000 ALTER TABLE `todo_list` DISABLE KEYS */;
INSERT INTO `todo_list` VALUES
(1,2,NULL,'New Contact',0,NULL,NULL,NULL,NULL,NULL,0,'2023-08-26 22:03:01',NULL,1),
(2,2,NULL,'New Lead',0,NULL,NULL,NULL,NULL,NULL,0,'2023-08-26 22:03:07',NULL,1),
(3,2,NULL,'New Customer',0,NULL,NULL,NULL,NULL,NULL,0,'2023-08-26 22:03:12',NULL,1),
(4,2,NULL,'New Order',0,NULL,NULL,NULL,NULL,NULL,0,'2023-08-26 22:03:18',NULL,1),
(5,2,NULL,'New Lead Hakim Bouras',0,NULL,3,NULL,NULL,NULL,0,'2023-09-01 14:30:14',NULL,0),
(6,5,NULL,'New Lead Édith Robert',0,NULL,53,NULL,NULL,NULL,0,'2023-09-01 18:39:55',NULL,0),
(7,4,NULL,'New Lead Adrien Collet',0,NULL,52,NULL,NULL,NULL,0,'2023-09-01 18:40:48',NULL,0),
(8,7,NULL,'New Lead Honoré Benard',0,NULL,51,NULL,NULL,NULL,0,'2023-09-01 18:41:02',NULL,0),
(9,2,NULL,'New Lead William Descamps',0,NULL,50,NULL,NULL,NULL,0,'2023-09-01 19:35:56',NULL,0),
(10,2,NULL,'New Lead Édith Robert',0,NULL,NULL,1,NULL,NULL,0,'2023-09-01 21:37:01',NULL,0),
(11,2,NULL,'New Order Édith Robert',0,NULL,NULL,NULL,2,NULL,0,'2023-09-02 15:52:11',NULL,0),
(12,2,NULL,'New Lead Nathalie Guerin',0,NULL,49,NULL,NULL,NULL,0,'2023-09-02 16:23:12',NULL,0),
(13,2,NULL,'New Lead Patrick Reynaud',0,NULL,6,NULL,NULL,NULL,0,'2023-09-04 20:08:45',NULL,0),
(14,2,NULL,'New Lead Théodore Breton',0,NULL,8,NULL,NULL,NULL,0,'2023-09-04 20:08:46',NULL,0),
(15,2,NULL,'New Lead Théodore Boulay',0,NULL,13,NULL,NULL,NULL,0,'2023-09-04 20:08:48',NULL,0),
(16,2,NULL,'New Lead Pierre Laroche',0,NULL,14,NULL,NULL,NULL,0,'2023-09-04 20:08:49',NULL,0),
(17,2,NULL,'New Lead Alain Charpentier',0,NULL,16,NULL,NULL,NULL,0,'2023-09-04 20:08:52',NULL,0),
(18,2,NULL,'New Lead Alphonse Dijoux',0,NULL,18,NULL,NULL,NULL,0,'2023-09-04 20:08:54',NULL,0),
(19,2,NULL,'New Lead Gilles Costa',0,NULL,24,NULL,NULL,NULL,0,'2023-09-04 20:08:56',NULL,0),
(20,2,NULL,'New Lead Capucine Henry',0,NULL,29,NULL,NULL,NULL,0,'2023-09-04 20:08:58',NULL,0),
(21,2,NULL,'New Lead Margaux Guichard',0,NULL,32,NULL,NULL,NULL,0,'2023-09-04 20:09:00',NULL,0),
(22,2,NULL,'New Lead Claude Bernard',0,NULL,38,NULL,NULL,NULL,0,'2023-09-04 20:09:03',NULL,0),
(23,2,NULL,'New Lead Jérôme Bigot',0,NULL,40,NULL,NULL,NULL,0,'2023-09-04 20:09:04',NULL,0),
(24,2,NULL,'New Lead Grégoire Leroy',0,NULL,43,NULL,NULL,NULL,0,'2023-09-04 20:09:06',NULL,0),
(25,2,NULL,'New Lead Hakim Bouras',0,NULL,NULL,2,NULL,NULL,0,'2023-09-04 20:09:26',NULL,0),
(26,2,NULL,'New Lead Patrick Reynaud',0,NULL,NULL,3,NULL,NULL,0,'2023-09-04 20:10:25',NULL,0),
(27,2,NULL,'New Lead Théodore Breton',0,NULL,NULL,4,NULL,NULL,0,'2023-09-04 20:11:03',NULL,0),
(28,2,NULL,'New Lead Théodore Boulay',0,NULL,NULL,5,NULL,NULL,0,'2023-09-04 20:12:05',NULL,0),
(29,2,NULL,'New Order Théodore Boulay',0,NULL,NULL,NULL,3,NULL,0,'2023-09-04 20:13:27',NULL,0),
(30,2,NULL,'New Lead Pierre Laroche',0,NULL,NULL,6,NULL,NULL,0,'2023-09-04 20:30:00',NULL,0),
(31,2,NULL,'New Order Pierre Laroche',0,NULL,NULL,NULL,4,NULL,0,'2023-09-04 20:30:48',NULL,0),
(32,2,NULL,'New Lead Alain Charpentier',0,NULL,NULL,7,NULL,NULL,0,'2023-09-04 20:32:03',NULL,0),
(33,2,NULL,'New Order Alain Charpentier',0,NULL,NULL,NULL,5,NULL,0,'2023-09-04 20:33:07',NULL,0),
(34,2,NULL,'New Lead Alphonse Dijoux',0,NULL,NULL,8,NULL,NULL,0,'2023-09-04 20:34:06',NULL,0),
(35,2,NULL,'New Lead Gilles Costa',0,NULL,NULL,9,NULL,NULL,0,'2023-09-04 20:34:09',NULL,0),
(36,2,NULL,'New Lead Capucine Henry',0,NULL,NULL,10,NULL,NULL,0,'2023-09-04 20:34:11',NULL,0),
(37,2,NULL,'New Lead Margaux Guichard',0,NULL,NULL,11,NULL,NULL,0,'2023-09-04 20:36:29',NULL,0),
(38,2,NULL,'New Order Margaux Guichard',0,NULL,NULL,NULL,6,NULL,0,'2023-09-04 20:37:33',NULL,0),
(39,2,NULL,'New Lead Claude Bernard',0,NULL,NULL,12,NULL,NULL,0,'2023-09-04 20:38:12',NULL,0),
(40,2,NULL,'New Order Édith Robert',0,NULL,NULL,NULL,1,NULL,0,'2023-09-04 20:39:37',NULL,0),
(41,2,NULL,'New Lead Susanne Salmon',0,NULL,31,NULL,NULL,NULL,0,'2023-09-05 08:31:50',NULL,0),
(42,2,NULL,'New Lead Roger Olivier',0,NULL,4,NULL,NULL,NULL,0,'2023-09-05 08:40:17',NULL,0),
(43,2,NULL,'New Lead François Costa',0,NULL,27,NULL,NULL,NULL,0,'2023-09-05 08:42:14',NULL,0),
(44,2,NULL,'New Lead Marcelle Maillot',0,NULL,21,NULL,NULL,NULL,0,'2023-09-05 08:42:29',NULL,0);
/*!40000 ALTER TABLE `todo_list` ENABLE KEYS */;
UNLOCK TABLES;

--
-- Table structure for table `web_contact`
--

DROP TABLE IF EXISTS `web_contact`;
/*!40101 SET @saved_cs_client     = @@character_set_client */;
/*!40101 SET character_set_client = utf8 */;
CREATE TABLE `web_contact` (
  `id` int(11) NOT NULL AUTO_INCREMENT,
  `name` varchar(255) NOT NULL,
  `email` varchar(255) NOT NULL,
  `phone` varchar(255) NOT NULL,
  `subject` varchar(255) NOT NULL,
  `message` longtext NOT NULL,
  PRIMARY KEY (`id`)
) ENGINE=InnoDB AUTO_INCREMENT=2 DEFAULT CHARSET=utf8mb4 COLLATE=utf8mb4_unicode_ci;
/*!40101 SET character_set_client = @saved_cs_client */;

--
-- Dumping data for table `web_contact`
--

LOCK TABLES `web_contact` WRITE;
/*!40000 ALTER TABLE `web_contact` DISABLE KEYS */;
INSERT INTO `web_contact` VALUES
(1,'Nadir Delimi','cnend123@gmail.com','+33558147411','Hello','Test Form');
/*!40000 ALTER TABLE `web_contact` ENABLE KEYS */;
UNLOCK TABLES;

--
-- Table structure for table `web_contact_state`
--

DROP TABLE IF EXISTS `web_contact_state`;
/*!40101 SET @saved_cs_client     = @@character_set_client */;
/*!40101 SET character_set_client = utf8 */;
CREATE TABLE `web_contact_state` (
  `id` int(11) NOT NULL AUTO_INCREMENT,
  `name` varchar(255) NOT NULL,
  `code` varchar(255) NOT NULL,
  `color` varchar(255) NOT NULL,
  PRIMARY KEY (`id`)
) ENGINE=InnoDB DEFAULT CHARSET=utf8mb4 COLLATE=utf8mb4_unicode_ci;
/*!40101 SET character_set_client = @saved_cs_client */;

--
-- Dumping data for table `web_contact_state`
--

LOCK TABLES `web_contact_state` WRITE;
/*!40000 ALTER TABLE `web_contact_state` DISABLE KEYS */;
/*!40000 ALTER TABLE `web_contact_state` ENABLE KEYS */;
UNLOCK TABLES;

--
-- Table structure for table `web_job_application`
--

DROP TABLE IF EXISTS `web_job_application`;
/*!40101 SET @saved_cs_client     = @@character_set_client */;
/*!40101 SET character_set_client = utf8 */;
CREATE TABLE `web_job_application` (
  `id` int(11) NOT NULL AUTO_INCREMENT,
  `job_offer_id` int(11) DEFAULT NULL,
  `firstname` varchar(255) NOT NULL,
  `lastname` varchar(255) NOT NULL,
  `phone` varchar(255) NOT NULL,
  `dob` date NOT NULL,
  `address` varchar(255) NOT NULL,
  `resume` varchar(255) NOT NULL,
  `linkedin` varchar(255) DEFAULT NULL,
  `additional_infos` longtext DEFAULT NULL,
  `created_at` datetime NOT NULL,
  `email` varchar(255) NOT NULL,
  `ip` varchar(255) DEFAULT NULL,
  PRIMARY KEY (`id`),
  KEY `IDX_1A47E75D3481D195` (`job_offer_id`),
  CONSTRAINT `FK_1A47E75D3481D195` FOREIGN KEY (`job_offer_id`) REFERENCES `web_job_offer` (`id`)
) ENGINE=InnoDB DEFAULT CHARSET=utf8mb4 COLLATE=utf8mb4_unicode_ci;
/*!40101 SET character_set_client = @saved_cs_client */;

--
-- Dumping data for table `web_job_application`
--

LOCK TABLES `web_job_application` WRITE;
/*!40000 ALTER TABLE `web_job_application` DISABLE KEYS */;
/*!40000 ALTER TABLE `web_job_application` ENABLE KEYS */;
UNLOCK TABLES;

--
-- Table structure for table `web_job_offer`
--

DROP TABLE IF EXISTS `web_job_offer`;
/*!40101 SET @saved_cs_client     = @@character_set_client */;
/*!40101 SET character_set_client = utf8 */;
CREATE TABLE `web_job_offer` (
  `id` int(11) NOT NULL AUTO_INCREMENT,
  `name` varchar(255) NOT NULL,
  `public_title` varchar(255) NOT NULL,
  `text` longtext NOT NULL,
  `created_at` datetime NOT NULL,
  `enddate` datetime NOT NULL,
  `is_active` tinyint(1) NOT NULL,
  PRIMARY KEY (`id`)
) ENGINE=InnoDB DEFAULT CHARSET=utf8mb4 COLLATE=utf8mb4_unicode_ci;
/*!40101 SET character_set_client = @saved_cs_client */;

--
-- Dumping data for table `web_job_offer`
--

LOCK TABLES `web_job_offer` WRITE;
/*!40000 ALTER TABLE `web_job_offer` DISABLE KEYS */;
/*!40000 ALTER TABLE `web_job_offer` ENABLE KEYS */;
UNLOCK TABLES;

--
-- Table structure for table `web_menu`
--

DROP TABLE IF EXISTS `web_menu`;
/*!40101 SET @saved_cs_client     = @@character_set_client */;
/*!40101 SET character_set_client = utf8 */;
CREATE TABLE `web_menu` (
  `id` int(11) NOT NULL AUTO_INCREMENT,
  `name` varchar(255) NOT NULL,
  `is_active` tinyint(1) NOT NULL,
  PRIMARY KEY (`id`)
) ENGINE=InnoDB DEFAULT CHARSET=utf8mb4 COLLATE=utf8mb4_unicode_ci;
/*!40101 SET character_set_client = @saved_cs_client */;

--
-- Dumping data for table `web_menu`
--

LOCK TABLES `web_menu` WRITE;
/*!40000 ALTER TABLE `web_menu` DISABLE KEYS */;
/*!40000 ALTER TABLE `web_menu` ENABLE KEYS */;
UNLOCK TABLES;

--
-- Table structure for table `web_menu_item`
--

DROP TABLE IF EXISTS `web_menu_item`;
/*!40101 SET @saved_cs_client     = @@character_set_client */;
/*!40101 SET character_set_client = utf8 */;
CREATE TABLE `web_menu_item` (
  `id` int(11) NOT NULL AUTO_INCREMENT,
  `menu_id` int(11) DEFAULT NULL,
  `name` varchar(255) NOT NULL,
  `url` varchar(255) NOT NULL,
  `sort_order` int(11) NOT NULL,
  `is_active` tinyint(1) NOT NULL,
  PRIMARY KEY (`id`),
  KEY `IDX_9F81484CCD7E912` (`menu_id`),
  CONSTRAINT `FK_9F81484CCD7E912` FOREIGN KEY (`menu_id`) REFERENCES `web_menu` (`id`)
) ENGINE=InnoDB DEFAULT CHARSET=utf8mb4 COLLATE=utf8mb4_unicode_ci;
/*!40101 SET character_set_client = @saved_cs_client */;

--
-- Dumping data for table `web_menu_item`
--

LOCK TABLES `web_menu_item` WRITE;
/*!40000 ALTER TABLE `web_menu_item` DISABLE KEYS */;
/*!40000 ALTER TABLE `web_menu_item` ENABLE KEYS */;
UNLOCK TABLES;

--
-- Table structure for table `web_page`
--

DROP TABLE IF EXISTS `web_page`;
/*!40101 SET @saved_cs_client     = @@character_set_client */;
/*!40101 SET character_set_client = utf8 */;
CREATE TABLE `web_page` (
  `id` int(11) NOT NULL AUTO_INCREMENT,
  `author_id` int(11) DEFAULT NULL,
  `name` varchar(255) NOT NULL,
  `title` varchar(255) NOT NULL,
  `slug` varchar(255) NOT NULL,
  `content` longtext NOT NULL,
  `is_active` tinyint(1) NOT NULL,
  `created_at` datetime NOT NULL,
  `last_modified` datetime DEFAULT NULL,
  `thumbnail` varchar(255) DEFAULT NULL,
  `hero_image` varchar(255) DEFAULT NULL,
  `seo_description` varchar(300) DEFAULT NULL,
  PRIMARY KEY (`id`),
  KEY `IDX_D008BBD5F675F31B` (`author_id`),
  CONSTRAINT `FK_D008BBD5F675F31B` FOREIGN KEY (`author_id`) REFERENCES `employee` (`id`)
) ENGINE=InnoDB DEFAULT CHARSET=utf8mb4 COLLATE=utf8mb4_unicode_ci;
/*!40101 SET character_set_client = @saved_cs_client */;

--
-- Dumping data for table `web_page`
--

LOCK TABLES `web_page` WRITE;
/*!40000 ALTER TABLE `web_page` DISABLE KEYS */;
/*!40000 ALTER TABLE `web_page` ENABLE KEYS */;
UNLOCK TABLES;

--
-- Table structure for table `wilaya`
--

DROP TABLE IF EXISTS `wilaya`;
/*!40101 SET @saved_cs_client     = @@character_set_client */;
/*!40101 SET character_set_client = utf8 */;
CREATE TABLE `wilaya` (
  `id` int(11) NOT NULL AUTO_INCREMENT,
  `name` varchar(255) NOT NULL,
  `iso_code` varchar(255) NOT NULL,
  PRIMARY KEY (`id`)
) ENGINE=InnoDB DEFAULT CHARSET=utf8mb4 COLLATE=utf8mb4_unicode_ci;
/*!40101 SET character_set_client = @saved_cs_client */;

--
-- Dumping data for table `wilaya`
--

LOCK TABLES `wilaya` WRITE;
/*!40000 ALTER TABLE `wilaya` DISABLE KEYS */;
/*!40000 ALTER TABLE `wilaya` ENABLE KEYS */;
UNLOCK TABLES;
/*!40103 SET TIME_ZONE=@OLD_TIME_ZONE */;

/*!40101 SET SQL_MODE=@OLD_SQL_MODE */;
/*!40014 SET FOREIGN_KEY_CHECKS=@OLD_FOREIGN_KEY_CHECKS */;
/*!40014 SET UNIQUE_CHECKS=@OLD_UNIQUE_CHECKS */;
/*!40101 SET CHARACTER_SET_CLIENT=@OLD_CHARACTER_SET_CLIENT */;
/*!40101 SET CHARACTER_SET_RESULTS=@OLD_CHARACTER_SET_RESULTS */;
/*!40101 SET COLLATION_CONNECTION=@OLD_COLLATION_CONNECTION */;
/*!40111 SET SQL_NOTES=@OLD_SQL_NOTES */;

-- Dump completed on 2023-09-05 17:32:28
